[{"model": "contenttypes.contenttype", "pk": 1, "fields": {"app_label": "admin", "model": "logentry"}}, {"model": "contenttypes.contenttype", "pk": 2, "fields": {"app_label": "auth", "model": "permission"}}, {"model": "contenttypes.contenttype", "pk": 3, "fields": {"app_label": "auth", "model": "group"}}, {"model": "contenttypes.contenttype", "pk": 4, "fields": {"app_label": "auth", "model": "user"}}, {"model": "contenttypes.contenttype", "pk": 5, "fields": {"app_label": "contenttypes", "model": "contenttype"}}, {"model": "contenttypes.contenttype", "pk": 6, "fields": {"app_label": "sessions", "model": "session"}}, {"model": "contenttypes.contenttype", "pk": 7, "fields": {"app_label": "blog", "model": "blog"}}, {"model": "contenttypes.contenttype", "pk": 8, "fields": {"app_label": "blog", "model": "blogtype"}}, {"model": "contenttypes.contenttype", "pk": 9, "fields": {"app_label": "blog", "model": "readnum"}}, {"model": "contenttypes.contenttype", "pk": 10, "fields": {"app_label": "read_statistics", "model": "readnum"}}, {"model": "contenttypes.contenttype", "pk": 11, "fields": {"app_label": "read_statistics", "model": "readdetail"}}, {"model": "contenttypes.contenttype", "pk": 12, "fields": {"app_label": "comment", "model": "comment"}}, {"model": "contenttypes.contenttype", "pk": 13, "fields": {"app_label": "likes", "model": "likecount"}}, {"model": "contenttypes.contenttype", "pk": 14, "fields": {"app_label": "likes", "model": "likerecord"}}, {"model": "contenttypes.contenttype", "pk": 15, "fields": {"app_label": "user", "model": "profile"}}, {"model": "sessions.session", "pk": "1rbi7ggfazm92z2nxuy6y0goh6u63rno", "fields": {"session_data": "NWI3ZWUyMzYyM2U4MTc0YTI1NDhlYWZhNDY0ZjU3YzE2ODhhOWMwMDp7fQ==", "expire_date": "2019-08-30T01:29:33.692"}}, {"model": "sessions.session", "pk": "3382jj2j4t1w64aa74pqx6gluk68aei1", "fields": {"session_data": "MTdjNzJjNDMwYzU1NDdjNWIzNDg3YTA4MGQ5NzBmMzE3N2ZiZWRhNDp7Il9hdXRoX3VzZXJfaWQiOiIxIiwiX2F1dGhfdXNlcl9iYWNrZW5kIjoiZGphbmdvLmNvbnRyaWIuYXV0aC5iYWNrZW5kcy5Nb2RlbEJhY2tlbmQiLCJfYXV0aF91c2VyX2hhc2giOiJiZjM3YzNkYTE0M2IxZmEyYmZiMzYwZGZhZTk4YjhlYzhhOWYzN2E1In0=", "expire_date": "2019-08-08T07:28:05.072"}}, {"model": "sessions.session", "pk": "7i5vpxlox3aa6we0sofo23asenqloa7h", "fields": {"session_data": "MTdjNzJjNDMwYzU1NDdjNWIzNDg3YTA4MGQ5NzBmMzE3N2ZiZWRhNDp7Il9hdXRoX3VzZXJfaWQiOiIxIiwiX2F1dGhfdXNlcl9iYWNrZW5kIjoiZGphbmdvLmNvbnRyaWIuYXV0aC5iYWNrZW5kcy5Nb2RlbEJhY2tlbmQiLCJfYXV0aF91c2VyX2hhc2giOiJiZjM3YzNkYTE0M2IxZmEyYmZiMzYwZGZhZTk4YjhlYzhhOWYzN2E1In0=", "expire_date": "2019-09-03T11:11:20.419"}}, {"model": "sessions.session", "pk": "7q2tnemeck3vof5wk9pyn9d0s7h4dnl5", "fields": {"session_data": "ZWEyZThkMWVmYTA0ZTM1ZTc3NmM1MDJmY2FiNjc0ZWFiNzliZTU2Mzp7Il9hdXRoX3VzZXJfaWQiOiIxIiwiX2F1dGhfdXNlcl9iYWNrZW5kIjoiZGphbmdvLmNvbnRyaWIuYXV0aC5iYWNrZW5kcy5Nb2RlbEJhY2tlbmQiLCJfYXV0aF91c2VyX2hhc2giOiJiZjM3YzNkYTE0M2IxZmEyYmZiMzYwZGZhZTk4YjhlYzhhOWYzN2E1Iiwic2VuZF9jb2RlX3RpbWUiOjE1NjcwODU2ODZ9", "expire_date": "2019-09-12T21:35:00.889"}}, {"model": "sessions.session", "pk": "9ktt246o5a82z1n8kpysmbd5y1l8efl0", "fields": {"session_data": "MTdjNzJjNDMwYzU1NDdjNWIzNDg3YTA4MGQ5NzBmMzE3N2ZiZWRhNDp7Il9hdXRoX3VzZXJfaWQiOiIxIiwiX2F1dGhfdXNlcl9iYWNrZW5kIjoiZGphbmdvLmNvbnRyaWIuYXV0aC5iYWNrZW5kcy5Nb2RlbEJhY2tlbmQiLCJfYXV0aF91c2VyX2hhc2giOiJiZjM3YzNkYTE0M2IxZmEyYmZiMzYwZGZhZTk4YjhlYzhhOWYzN2E1In0=", "expire_date": "2019-08-18T07:28:16.704"}}, {"model": "sessions.session", "pk": "av096od4iy6g3ki8a0ovwhy21nv9fuio", "fields": {"session_data": "NWI3ZWUyMzYyM2U4MTc0YTI1NDhlYWZhNDY0ZjU3YzE2ODhhOWMwMDp7fQ==", "expire_date": "2019-08-30T17:57:36.556"}}, {"model": "sessions.session", "pk": "cg8wsjtwhzsy7mipv2sayxx518lpc8g7", "fields": {"session_data": "MTdjNzJjNDMwYzU1NDdjNWIzNDg3YTA4MGQ5NzBmMzE3N2ZiZWRhNDp7Il9hdXRoX3VzZXJfaWQiOiIxIiwiX2F1dGhfdXNlcl9iYWNrZW5kIjoiZGphbmdvLmNvbnRyaWIuYXV0aC5iYWNrZW5kcy5Nb2RlbEJhY2tlbmQiLCJfYXV0aF91c2VyX2hhc2giOiJiZjM3YzNkYTE0M2IxZmEyYmZiMzYwZGZhZTk4YjhlYzhhOWYzN2E1In0=", "expire_date": "2019-08-28T01:15:05.589"}}, {"model": "sessions.session", "pk": "g1s5f0zvy7qgmdmyvjnupntkx3gtmn0t", "fields": {"session_data": "NWI3ZWUyMzYyM2U4MTc0YTI1NDhlYWZhNDY0ZjU3YzE2ODhhOWMwMDp7fQ==", "expire_date": "2019-08-30T17:18:26.899"}}, {"model": "sessions.session", "pk": "go0uz7je2r32a17v9ogrsfny9odimsma", "fields": {"session_data": "MTdjNzJjNDMwYzU1NDdjNWIzNDg3YTA4MGQ5NzBmMzE3N2ZiZWRhNDp7Il9hdXRoX3VzZXJfaWQiOiIxIiwiX2F1dGhfdXNlcl9iYWNrZW5kIjoiZGphbmdvLmNvbnRyaWIuYXV0aC5iYWNrZW5kcy5Nb2RlbEJhY2tlbmQiLCJfYXV0aF91c2VyX2hhc2giOiJiZjM3YzNkYTE0M2IxZmEyYmZiMzYwZGZhZTk4YjhlYzhhOWYzN2E1In0=", "expire_date": "2019-08-28T09:58:08.761"}}, {"model": "sessions.session", "pk": "gxh5b8g5brxmegujaj49tg91gvmqsfgh", "fields": {"session_data": "NWI3ZWUyMzYyM2U4MTc0YTI1NDhlYWZhNDY0ZjU3YzE2ODhhOWMwMDp7fQ==", "expire_date": "2019-08-30T17:19:20.364"}}, {"model": "sessions.session", "pk": "hyuo3p9zd4zd5mcll25zr5dsr6yv1krm", "fields": {"session_data": "NWI3ZWUyMzYyM2U4MTc0YTI1NDhlYWZhNDY0ZjU3YzE2ODhhOWMwMDp7fQ==", "expire_date": "2019-08-30T16:55:52.404"}}, {"model": "sessions.session", "pk": "o74qfq82035wj73z41pque5hz83xipmj", "fields": {"session_data": "MTdjNzJjNDMwYzU1NDdjNWIzNDg3YTA4MGQ5NzBmMzE3N2ZiZWRhNDp7Il9hdXRoX3VzZXJfaWQiOiIxIiwiX2F1dGhfdXNlcl9iYWNrZW5kIjoiZGphbmdvLmNvbnRyaWIuYXV0aC5iYWNrZW5kcy5Nb2RlbEJhY2tlbmQiLCJfYXV0aF91c2VyX2hhc2giOiJiZjM3YzNkYTE0M2IxZmEyYmZiMzYwZGZhZTk4YjhlYzhhOWYzN2E1In0=", "expire_date": "2019-08-02T07:59:51.083"}}, {"model": "sessions.session", "pk": "or557p2szd8xpbh3u4gunxhi4rlx89hs", "fields": {"session_data": "NWI3ZWUyMzYyM2U4MTc0YTI1NDhlYWZhNDY0ZjU3YzE2ODhhOWMwMDp7fQ==", "expire_date": "2019-08-30T17:19:34.895"}}, {"model": "sessions.session", "pk": "pjgt849nnwy19uob6xh6xhbxspafdfs8", "fields": {"session_data": "NWI3ZWUyMzYyM2U4MTc0YTI1NDhlYWZhNDY0ZjU3YzE2ODhhOWMwMDp7fQ==", "expire_date": "2019-08-30T16:32:01.002"}}, {"model": "sessions.session", "pk": "rtfkshu7bwd049dcbawk1xil0hk57ypm", "fields": {"session_data": "NWI3ZWUyMzYyM2U4MTc0YTI1NDhlYWZhNDY0ZjU3YzE2ODhhOWMwMDp7fQ==", "expire_date": "2019-08-30T01:31:00.799"}}, {"model": "sessions.session", "pk": "s8twd4ivhrugibtxsubl3jo80zfosj5m", "fields": {"session_data": "NWI3ZWUyMzYyM2U4MTc0YTI1NDhlYWZhNDY0ZjU3YzE2ODhhOWMwMDp7fQ==", "expire_date": "2019-08-30T17:19:56.812"}}, {"model": "sessions.session", "pk": "tgse0g866p5takkfy88ilneloewzl1iv", "fields": {"session_data": "NWI3ZWUyMzYyM2U4MTc0YTI1NDhlYWZhNDY0ZjU3YzE2ODhhOWMwMDp7fQ==", "expire_date": "2019-08-30T17:17:31.516"}}, {"model": "sessions.session", "pk": "y7kkwy7cuefs994ry7avdbhqxm8dx3t1", "fields": {"session_data": "MTdjNzJjNDMwYzU1NDdjNWIzNDg3YTA4MGQ5NzBmMzE3N2ZiZWRhNDp7Il9hdXRoX3VzZXJfaWQiOiIxIiwiX2F1dGhfdXNlcl9iYWNrZW5kIjoiZGphbmdvLmNvbnRyaWIuYXV0aC5iYWNrZW5kcy5Nb2RlbEJhY2tlbmQiLCJfYXV0aF91c2VyX2hhc2giOiJiZjM3YzNkYTE0M2IxZmEyYmZiMzYwZGZhZTk4YjhlYzhhOWYzN2E1In0=", "expire_date": "2019-08-29T08:31:11.646"}}, {"model": "sessions.session", "pk": "y8weqma7f0fu0hvebl63xi4v6w3q7t41", "fields": {"session_data": "MTdjNzJjNDMwYzU1NDdjNWIzNDg3YTA4MGQ5NzBmMzE3N2ZiZWRhNDp7Il9hdXRoX3VzZXJfaWQiOiIxIiwiX2F1dGhfdXNlcl9iYWNrZW5kIjoiZGphbmdvLmNvbnRyaWIuYXV0aC5iYWNrZW5kcy5Nb2RlbEJhY2tlbmQiLCJfYXV0aF91c2VyX2hhc2giOiJiZjM3YzNkYTE0M2IxZmEyYmZiMzYwZGZhZTk4YjhlYzhhOWYzN2E1In0=", "expire_date": "2019-07-31T09:04:14.934"}}, {"model": "sessions.session", "pk": "yr709z4iifpcd2l4niw24tlfijm0h5pt", "fields": {"session_data": "MTdjNzJjNDMwYzU1NDdjNWIzNDg3YTA4MGQ5NzBmMzE3N2ZiZWRhNDp7Il9hdXRoX3VzZXJfaWQiOiIxIiwiX2F1dGhfdXNlcl9iYWNrZW5kIjoiZGphbmdvLmNvbnRyaWIuYXV0aC5iYWNrZW5kcy5Nb2RlbEJhY2tlbmQiLCJfYXV0aF91c2VyX2hhc2giOiJiZjM3YzNkYTE0M2IxZmEyYmZiMzYwZGZhZTk4YjhlYzhhOWYzN2E1In0=", "expire_date": "2019-08-30T01:31:57.571"}}, {"model": "blog.blogtype", "pk": 1, "fields": {"type_name": "Django"}}, {"model": "blog.blogtype", "pk": 2, "fields": {"type_name": "blog\u611f\u609f"}}, {"model": "blog.blogtype", "pk": 3, "fields": {"type_name": "\u968f\u7b14"}}, {"model": "read_statistics.readnum", "pk": 12, "fields": {"read_num": 34, "content_type": 7, "object_id": 37}}, {"model": "read_statistics.readnum", "pk": 13, "fields": {"read_num": 3, "content_type": 7, "object_id": 36}}, {"model": "read_statistics.readnum", "pk": 14, "fields": {"read_num": 2, "content_type": 7, "object_id": 35}}, {"model": "read_statistics.readnum", "pk": 15, "fields": {"read_num": 1, "content_type": 7, "object_id": 34}}, {"model": "read_statistics.readnum", "pk": 16, "fields": {"read_num": 1, "content_type": 7, "object_id": 5}}, {"model": "read_statistics.readdetail", "pk": 6, "fields": {"date": "2019-08-13", "read_num": 14, "content_type": 7, "object_id": 37}}, {"model": "read_statistics.readdetail", "pk": 8, "fields": {"date": "2019-08-14", "read_num": 1, "content_type": 7, "object_id": 37}}, {"model": "read_statistics.readdetail", "pk": 9, "fields": {"date": "2019-08-15", "read_num": 2, "content_type": 7, "object_id": 36}}, {"model": "read_statistics.readdetail", "pk": 10, "fields": {"date": "2019-08-15", "read_num": 1, "content_type": 7, "object_id": 35}}, {"model": "read_statistics.readdetail", "pk": 11, "fields": {"date": "2019-08-15", "read_num": 1, "content_type": 7, "object_id": 37}}, {"model": "read_statistics.readdetail", "pk": 12, "fields": {"date": "2019-08-16", "read_num": 1, "content_type": 7, "object_id": 37}}, {"model": "read_statistics.readdetail", "pk": 13, "fields": {"date": "2019-08-16", "read_num": 1, "content_type": 7, "object_id": 36}}, {"model": "read_statistics.readdetail", "pk": 14, "fields": {"date": "2019-08-19", "read_num": 1, "content_type": 7, "object_id": 35}}, {"model": "read_statistics.readdetail", "pk": 15, "fields": {"date": "2019-08-19", "read_num": 1, "content_type": 7, "object_id": 34}}, {"model": "read_statistics.readdetail", "pk": 16, "fields": {"date": "2019-08-19", "read_num": 1, "content_type": 7, "object_id": 5}}, {"model": "read_statistics.readdetail", "pk": 17, "fields": {"date": "2019-08-20", "read_num": 2, "content_type": 7, "object_id": 37}}, {"model": "read_statistics.readdetail", "pk": 18, "fields": {"date": "2019-08-29", "read_num": 1, "content_type": 7, "object_id": 37}}, {"model": "likes.likecount", "pk": 1, "fields": {"content_type": 7, "object_id": 37, "liked_num": 2}}, {"model": "likes.likecount", "pk": 2, "fields": {"content_type": 7, "object_id": 36, "liked_num": 0}}, {"model": "likes.likecount", "pk": 3, "fields": {"content_type": 7, "object_id": 35, "liked_num": 0}}, {"model": "likes.likecount", "pk": 4, "fields": {"content_type": 7, "object_id": 34, "liked_num": 0}}, {"model": "likes.likecount", "pk": 5, "fields": {"content_type": 7, "object_id": 33, "liked_num": 0}}, {"model": "likes.likecount", "pk": 6, "fields": {"content_type": 7, "object_id": 32, "liked_num": 0}}, {"model": "likes.likecount", "pk": 7, "fields": {"content_type": 7, "object_id": 31, "liked_num": 0}}, {"model": "likes.likecount", "pk": 8, "fields": {"content_type": 12, "object_id": 70, "liked_num": 0}}, {"model": "likes.likecount", "pk": 9, "fields": {"content_type": 12, "object_id": 71, "liked_num": 1}}, {"model": "likes.likecount", "pk": 10, "fields": {"content_type": 12, "object_id": 72, "liked_num": 1}}, {"model": "likes.likecount", "pk": 11, "fields": {"content_type": 12, "object_id": 73, "liked_num": 0}}, {"model": "likes.likecount", "pk": 12, "fields": {"content_type": 12, "object_id": 65, "liked_num": 1}}, {"model": "likes.likecount", "pk": 13, "fields": {"content_type": 12, "object_id": 66, "liked_num": 0}}, {"model": "likes.likecount", "pk": 14, "fields": {"content_type": 12, "object_id": 67, "liked_num": 0}}, {"model": "likes.likecount", "pk": 15, "fields": {"content_type": 12, "object_id": 68, "liked_num": 0}}, {"model": "likes.likecount", "pk": 16, "fields": {"content_type": 12, "object_id": 69, "liked_num": 0}}, {"model": "likes.likecount", "pk": 17, "fields": {"content_type": 12, "object_id": 64, "liked_num": 0}}, {"model": "likes.likecount", "pk": 18, "fields": {"content_type": 12, "object_id": 63, "liked_num": 0}}, {"model": "likes.likecount", "pk": 19, "fields": {"content_type": 12, "object_id": 62, "liked_num": 0}}, {"model": "likes.likecount", "pk": 20, "fields": {"content_type": 12, "object_id": 61, "liked_num": 0}}, {"model": "likes.likecount", "pk": 21, "fields": {"content_type": 12, "object_id": 24, "liked_num": 0}}, {"model": "likes.likecount", "pk": 22, "fields": {"content_type": 12, "object_id": 25, "liked_num": 0}}, {"model": "likes.likecount", "pk": 23, "fields": {"content_type": 12, "object_id": 26, "liked_num": 0}}, {"model": "likes.likecount", "pk": 24, "fields": {"content_type": 12, "object_id": 27, "liked_num": 0}}, {"model": "likes.likecount", "pk": 25, "fields": {"content_type": 12, "object_id": 28, "liked_num": 0}}, {"model": "likes.likecount", "pk": 26, "fields": {"content_type": 12, "object_id": 29, "liked_num": 0}}, {"model": "likes.likecount", "pk": 27, "fields": {"content_type": 12, "object_id": 30, "liked_num": 0}}, {"model": "likes.likecount", "pk": 28, "fields": {"content_type": 12, "object_id": 31, "liked_num": 0}}, {"model": "likes.likecount", "pk": 29, "fields": {"content_type": 12, "object_id": 32, "liked_num": 0}}, {"model": "likes.likecount", "pk": 30, "fields": {"content_type": 12, "object_id": 33, "liked_num": 0}}, {"model": "likes.likecount", "pk": 31, "fields": {"content_type": 12, "object_id": 34, "liked_num": 0}}, {"model": "likes.likecount", "pk": 32, "fields": {"content_type": 12, "object_id": 35, "liked_num": 0}}, {"model": "likes.likecount", "pk": 33, "fields": {"content_type": 12, "object_id": 36, "liked_num": 0}}, {"model": "likes.likecount", "pk": 34, "fields": {"content_type": 12, "object_id": 37, "liked_num": 0}}, {"model": "likes.likecount", "pk": 35, "fields": {"content_type": 12, "object_id": 38, "liked_num": 0}}, {"model": "likes.likecount", "pk": 36, "fields": {"content_type": 12, "object_id": 39, "liked_num": 0}}, {"model": "likes.likecount", "pk": 37, "fields": {"content_type": 12, "object_id": 40, "liked_num": 0}}, {"model": "likes.likecount", "pk": 38, "fields": {"content_type": 12, "object_id": 41, "liked_num": 0}}, {"model": "likes.likecount", "pk": 39, "fields": {"content_type": 12, "object_id": 42, "liked_num": 0}}, {"model": "likes.likecount", "pk": 40, "fields": {"content_type": 12, "object_id": 43, "liked_num": 0}}, {"model": "likes.likecount", "pk": 41, "fields": {"content_type": 12, "object_id": 44, "liked_num": 0}}, {"model": "likes.likecount", "pk": 42, "fields": {"content_type": 12, "object_id": 45, "liked_num": 0}}, {"model": "likes.likecount", "pk": 43, "fields": {"content_type": 12, "object_id": 46, "liked_num": 0}}, {"model": "likes.likecount", "pk": 44, "fields": {"content_type": 12, "object_id": 47, "liked_num": 0}}, {"model": "likes.likecount", "pk": 45, "fields": {"content_type": 12, "object_id": 48, "liked_num": 0}}, {"model": "likes.likecount", "pk": 46, "fields": {"content_type": 12, "object_id": 49, "liked_num": 0}}, {"model": "likes.likecount", "pk": 47, "fields": {"content_type": 12, "object_id": 50, "liked_num": 0}}, {"model": "likes.likecount", "pk": 48, "fields": {"content_type": 12, "object_id": 51, "liked_num": 0}}, {"model": "likes.likecount", "pk": 49, "fields": {"content_type": 12, "object_id": 52, "liked_num": 0}}, {"model": "likes.likecount", "pk": 50, "fields": {"content_type": 12, "object_id": 53, "liked_num": 0}}, {"model": "likes.likecount", "pk": 51, "fields": {"content_type": 12, "object_id": 54, "liked_num": 0}}, {"model": "likes.likecount", "pk": 52, "fields": {"content_type": 12, "object_id": 55, "liked_num": 0}}, {"model": "likes.likecount", "pk": 53, "fields": {"content_type": 12, "object_id": 56, "liked_num": 0}}, {"model": "likes.likecount", "pk": 54, "fields": {"content_type": 12, "object_id": 57, "liked_num": 0}}, {"model": "likes.likecount", "pk": 55, "fields": {"content_type": 12, "object_id": 58, "liked_num": 0}}, {"model": "likes.likecount", "pk": 56, "fields": {"content_type": 12, "object_id": 59, "liked_num": 0}}, {"model": "likes.likecount", "pk": 57, "fields": {"content_type": 12, "object_id": 60, "liked_num": 0}}, {"model": "likes.likecount", "pk": 58, "fields": {"content_type": 12, "object_id": 20, "liked_num": 0}}, {"model": "likes.likecount", "pk": 59, "fields": {"content_type": 12, "object_id": 19, "liked_num": 0}}, {"model": "likes.likecount", "pk": 60, "fields": {"content_type": 12, "object_id": 18, "liked_num": 0}}, {"model": "likes.likecount", "pk": 61, "fields": {"content_type": 12, "object_id": 17, "liked_num": 0}}, {"model": "likes.likecount", "pk": 62, "fields": {"content_type": 12, "object_id": 16, "liked_num": 0}}, {"model": "likes.likecount", "pk": 63, "fields": {"content_type": 12, "object_id": 15, "liked_num": 0}}, {"model": "likes.likecount", "pk": 64, "fields": {"content_type": 12, "object_id": 14, "liked_num": 0}}, {"model": "likes.likecount", "pk": 65, "fields": {"content_type": 12, "object_id": 13, "liked_num": 0}}, {"model": "likes.likecount", "pk": 66, "fields": {"content_type": 12, "object_id": 12, "liked_num": 0}}, {"model": "likes.likecount", "pk": 67, "fields": {"content_type": 12, "object_id": 11, "liked_num": 0}}, {"model": "likes.likecount", "pk": 68, "fields": {"content_type": 12, "object_id": 10, "liked_num": 0}}, {"model": "likes.likecount", "pk": 69, "fields": {"content_type": 12, "object_id": 9, "liked_num": 0}}, {"model": "likes.likecount", "pk": 70, "fields": {"content_type": 12, "object_id": 8, "liked_num": 0}}, {"model": "likes.likecount", "pk": 71, "fields": {"content_type": 12, "object_id": 7, "liked_num": 0}}, {"model": "likes.likecount", "pk": 72, "fields": {"content_type": 7, "object_id": 5, "liked_num": 1}}, {"model": "likes.likecount", "pk": 73, "fields": {"content_type": 7, "object_id": 4, "liked_num": 0}}, {"model": "likes.likecount", "pk": 74, "fields": {"content_type": 12, "object_id": 83, "liked_num": 1}}, {"model": "likes.likecount", "pk": 75, "fields": {"content_type": 12, "object_id": 84, "liked_num": 0}}, {"model": "likes.likecount", "pk": 76, "fields": {"content_type": 12, "object_id": 85, "liked_num": 0}}, {"model": "likes.likecount", "pk": 77, "fields": {"content_type": 12, "object_id": 86, "liked_num": 1}}, {"model": "likes.likecount", "pk": 78, "fields": {"content_type": 12, "object_id": 87, "liked_num": 0}}, {"model": "likes.likecount", "pk": 79, "fields": {"content_type": 12, "object_id": 88, "liked_num": 1}}, {"model": "likes.likecount", "pk": 80, "fields": {"content_type": 12, "object_id": 89, "liked_num": 1}}, {"model": "likes.likecount", "pk": 81, "fields": {"content_type": 12, "object_id": 90, "liked_num": 1}}, {"model": "likes.likecount", "pk": 82, "fields": {"content_type": 12, "object_id": 91, "liked_num": 1}}, {"model": "likes.likecount", "pk": 83, "fields": {"content_type": 12, "object_id": 92, "liked_num": 1}}, {"model": "likes.likecount", "pk": 84, "fields": {"content_type": 12, "object_id": 93, "liked_num": 0}}, {"model": "likes.likecount", "pk": 85, "fields": {"content_type": 12, "object_id": 94, "liked_num": 0}}, {"model": "likes.likecount", "pk": 86, "fields": {"content_type": 12, "object_id": 95, "liked_num": 0}}, {"model": "likes.likecount", "pk": 87, "fields": {"content_type": 12, "object_id": 96, "liked_num": 0}}, {"model": "likes.likecount", "pk": 88, "fields": {"content_type": 12, "object_id": 97, "liked_num": 0}}, {"model": "likes.likecount", "pk": 89, "fields": {"content_type": 12, "object_id": 98, "liked_num": 0}}, {"model": "likes.likecount", "pk": 90, "fields": {"content_type": 12, "object_id": 99, "liked_num": 1}}, {"model": "likes.likecount", "pk": 91, "fields": {"content_type": 12, "object_id": 100, "liked_num": 0}}, {"model": "likes.likecount", "pk": 92, "fields": {"content_type": 12, "object_id": 101, "liked_num": 0}}, {"model": "likes.likecount", "pk": 93, "fields": {"content_type": 12, "object_id": 102, "liked_num": 0}}, {"model": "likes.likecount", "pk": 94, "fields": {"content_type": 12, "object_id": 103, "liked_num": 0}}, {"model": "likes.likecount", "pk": 95, "fields": {"content_type": 12, "object_id": 104, "liked_num": 1}}, {"model": "likes.likecount", "pk": 96, "fields": {"content_type": 12, "object_id": 105, "liked_num": 1}}, {"model": "likes.likecount", "pk": 97, "fields": {"content_type": 12, "object_id": 106, "liked_num": 1}}, {"model": "likes.likecount", "pk": 98, "fields": {"content_type": 12, "object_id": 107, "liked_num": 0}}, {"model": "likes.likecount", "pk": 99, "fields": {"content_type": 12, "object_id": 108, "liked_num": 0}}, {"model": "likes.likecount", "pk": 100, "fields": {"content_type": 12, "object_id": 109, "liked_num": 0}}, {"model": "likes.likecount", "pk": 101, "fields": {"content_type": 12, "object_id": 110, "liked_num": 0}}, {"model": "likes.likecount", "pk": 102, "fields": {"content_type": 12, "object_id": 111, "liked_num": 0}}, {"model": "likes.likecount", "pk": 103, "fields": {"content_type": 12, "object_id": 112, "liked_num": 1}}, {"model": "likes.likecount", "pk": 104, "fields": {"content_type": 12, "object_id": 113, "liked_num": 1}}, {"model": "likes.likecount", "pk": 105, "fields": {"content_type": 12, "object_id": 114, "liked_num": 0}}, {"model": "likes.likecount", "pk": 106, "fields": {"content_type": 12, "object_id": 121, "liked_num": 0}}, {"model": "likes.likecount", "pk": 107, "fields": {"content_type": 12, "object_id": 120, "liked_num": 0}}, {"model": "likes.likecount", "pk": 108, "fields": {"content_type": 12, "object_id": 119, "liked_num": 0}}, {"model": "likes.likecount", "pk": 109, "fields": {"content_type": 12, "object_id": 117, "liked_num": 0}}, {"model": "likes.likecount", "pk": 110, "fields": {"content_type": 12, "object_id": 118, "liked_num": 0}}, {"model": "likes.likecount", "pk": 111, "fields": {"content_type": 12, "object_id": 116, "liked_num": 0}}, {"model": "likes.likecount", "pk": 112, "fields": {"content_type": 12, "object_id": 115, "liked_num": 0}}, {"model": "auth.permission", "pk": 1, "fields": {"name": "Can add log entry", "content_type": 1, "codename": "add_logentry"}}, {"model": "auth.permission", "pk": 2, "fields": {"name": "Can change log entry", "content_type": 1, "codename": "change_logentry"}}, {"model": "auth.permission", "pk": 3, "fields": {"name": "Can delete log entry", "content_type": 1, "codename": "delete_logentry"}}, {"model": "auth.permission", "pk": 4, "fields": {"name": "Can add permission", "content_type": 2, "codename": "add_permission"}}, {"model": "auth.permission", "pk": 5, "fields": {"name": "Can change permission", "content_type": 2, "codename": "change_permission"}}, {"model": "auth.permission", "pk": 6, "fields": {"name": "Can delete permission", "content_type": 2, "codename": "delete_permission"}}, {"model": "auth.permission", "pk": 7, "fields": {"name": "Can add group", "content_type": 3, "codename": "add_group"}}, {"model": "auth.permission", "pk": 8, "fields": {"name": "Can change group", "content_type": 3, "codename": "change_group"}}, {"model": "auth.permission", "pk": 9, "fields": {"name": "Can delete group", "content_type": 3, "codename": "delete_group"}}, {"model": "auth.permission", "pk": 10, "fields": {"name": "Can add user", "content_type": 4, "codename": "add_user"}}, {"model": "auth.permission", "pk": 11, "fields": {"name": "Can change user", "content_type": 4, "codename": "change_user"}}, {"model": "auth.permission", "pk": 12, "fields": {"name": "Can delete user", "content_type": 4, "codename": "delete_user"}}, {"model": "auth.permission", "pk": 13, "fields": {"name": "Can add content type", "content_type": 5, "codename": "add_contenttype"}}, {"model": "auth.permission", "pk": 14, "fields": {"name": "Can change content type", "content_type": 5, "codename": "change_contenttype"}}, {"model": "auth.permission", "pk": 15, "fields": {"name": "Can delete content type", "content_type": 5, "codename": "delete_contenttype"}}, {"model": "auth.permission", "pk": 16, "fields": {"name": "Can add session", "content_type": 6, "codename": "add_session"}}, {"model": "auth.permission", "pk": 17, "fields": {"name": "Can change session", "content_type": 6, "codename": "change_session"}}, {"model": "auth.permission", "pk": 18, "fields": {"name": "Can delete session", "content_type": 6, "codename": "delete_session"}}, {"model": "auth.permission", "pk": 19, "fields": {"name": "Can add blog", "content_type": 7, "codename": "add_blog"}}, {"model": "auth.permission", "pk": 20, "fields": {"name": "Can change blog", "content_type": 7, "codename": "change_blog"}}, {"model": "auth.permission", "pk": 21, "fields": {"name": "Can delete blog", "content_type": 7, "codename": "delete_blog"}}, {"model": "auth.permission", "pk": 22, "fields": {"name": "Can add blog type", "content_type": 8, "codename": "add_blogtype"}}, {"model": "auth.permission", "pk": 23, "fields": {"name": "Can change blog type", "content_type": 8, "codename": "change_blogtype"}}, {"model": "auth.permission", "pk": 24, "fields": {"name": "Can delete blog type", "content_type": 8, "codename": "delete_blogtype"}}, {"model": "auth.permission", "pk": 25, "fields": {"name": "Can add readnum", "content_type": 9, "codename": "add_readnum"}}, {"model": "auth.permission", "pk": 26, "fields": {"name": "Can change readnum", "content_type": 9, "codename": "change_readnum"}}, {"model": "auth.permission", "pk": 27, "fields": {"name": "Can delete readnum", "content_type": 9, "codename": "delete_readnum"}}, {"model": "auth.permission", "pk": 28, "fields": {"name": "Can add read num", "content_type": 10, "codename": "add_readnum"}}, {"model": "auth.permission", "pk": 29, "fields": {"name": "Can change read num", "content_type": 10, "codename": "change_readnum"}}, {"model": "auth.permission", "pk": 30, "fields": {"name": "Can delete read num", "content_type": 10, "codename": "delete_readnum"}}, {"model": "auth.permission", "pk": 31, "fields": {"name": "Can add read detail", "content_type": 11, "codename": "add_readdetail"}}, {"model": "auth.permission", "pk": 32, "fields": {"name": "Can change read detail", "content_type": 11, "codename": "change_readdetail"}}, {"model": "auth.permission", "pk": 33, "fields": {"name": "Can delete read detail", "content_type": 11, "codename": "delete_readdetail"}}, {"model": "auth.permission", "pk": 34, "fields": {"name": "Can add comment", "content_type": 12, "codename": "add_comment"}}, {"model": "auth.permission", "pk": 35, "fields": {"name": "Can change comment", "content_type": 12, "codename": "change_comment"}}, {"model": "auth.permission", "pk": 36, "fields": {"name": "Can delete comment", "content_type": 12, "codename": "delete_comment"}}, {"model": "auth.permission", "pk": 37, "fields": {"name": "Can add like count", "content_type": 13, "codename": "add_likecount"}}, {"model": "auth.permission", "pk": 38, "fields": {"name": "Can change like count", "content_type": 13, "codename": "change_likecount"}}, {"model": "auth.permission", "pk": 39, "fields": {"name": "Can delete like count", "content_type": 13, "codename": "delete_likecount"}}, {"model": "auth.permission", "pk": 40, "fields": {"name": "Can add like record", "content_type": 14, "codename": "add_likerecord"}}, {"model": "auth.permission", "pk": 41, "fields": {"name": "Can change like record", "content_type": 14, "codename": "change_likerecord"}}, {"model": "auth.permission", "pk": 42, "fields": {"name": "Can delete like record", "content_type": 14, "codename": "delete_likerecord"}}, {"model": "auth.permission", "pk": 43, "fields": {"name": "Can add profile", "content_type": 15, "codename": "add_profile"}}, {"model": "auth.permission", "pk": 44, "fields": {"name": "Can change profile", "content_type": 15, "codename": "change_profile"}}, {"model": "auth.permission", "pk": 45, "fields": {"name": "Can delete profile", "content_type": 15, "codename": "delete_profile"}}, {"model": "auth.user", "pk": 1, "fields": {"password": "pbkdf2_sha256$100000$wlZVS4G2q8GV$kguX5JcPuico5YEB9YDWzSBKp9sBoUjKQI25zr3q/Cg=", "last_login": "2019-08-29T20:49:56.342", "is_superuser": true, "username": "why", "first_name": "", "last_name": "", "email": "1790136758@qq.com", "is_staff": true, "is_active": true, "date_joined": "2019-07-17T08:50:21", "groups": [], "user_permissions": []}}, {"model": "auth.user", "pk": 5, "fields": {"password": "pbkdf2_sha256$100000$SvV33UOpgXGl$M4f9GFBtXTobpm2fe+Mrwf+JetcGPczeycMXxFQX30I=", "last_login": "2019-08-28T08:36:18.951", "is_superuser": false, "username": "\u5b8b\u5efa\u535a", "first_name": "", "last_name": "", "email": "939506615@qq.com", "is_staff": false, "is_active": true, "date_joined": "2019-08-23T17:17:41.637", "groups": [], "user_permissions": []}}, {"model": "auth.user", "pk": 6, "fields": {"password": "pbkdf2_sha256$100000$rylLbZsYfrlO$pHYOR/ZIDotX9x8x5loVO0Tn2HQfnx+K+6wapDEAKyk=", "last_login": "2019-08-29T15:19:34.424", "is_superuser": false, "username": "\u5c0f\u767d1027878495", "first_name": "", "last_name": "", "email": "1027878495@qq.com", "is_staff": false, "is_active": true, "date_joined": "2019-08-29T15:19:33.774", "groups": [], "user_permissions": []}}, {"model": "blog.blog", "pk": 4, "fields": {"title": "\u7b2c\u4e00\u7bc7\u535a\u5ba2", "blog_type": 2, "content": "2019\u5e747\u670825\u65e515:28:58\uff0c\u65f6\u95f4\u662f2019\u5e747\u670825\u65e515:28:58\uff0c\u65f6\u95f4\u662f2019\u5e747\u670825\u65e515:28:58\uff0c\u65f6\u95f4\u662f2019\u5e747\u670825\u65e515:28:58\uff0c\u65f6\u95f4\u662f2019\u5e747\u670825\u65e515:28:58\uff0c\u65f6\u95f4\u662f2019\u5e747\u670825\u65e515:28:58\uff0c\u65f6\u95f4\u662f2019\u5e747\u670825\u65e515:28:58\uff0c\u65f6\u95f4\u662f2019\u5e747\u670825\u65e515:28:58\uff0c\u65f6\u95f4\u662f2019\u5e747\u670825\u65e515:28:58\uff0c\u65f6\u95f4\u662f2019\u5e747\u670825\u65e515:28:58\uff0c\u65f6\u95f4\u662f2019\u5e747\u670825\u65e515:28:58\uff0c\u65f6\u95f4\u662f2019\u5e747\u670825\u65e515:28:58\uff0c\u65f6\u95f4\u662f2019\u5e747\u670825\u65e515:28:58\uff0c\u65f6\u95f4\u662f2019\u5e747\u670825\u65e515:28:58\uff0c\u65f6\u95f4\u662f2019\u5e747\u670825\u65e515:28:58\uff0c\u65f6\u95f4\u662f2019\u5e747\u670825\u65e515:28:58\uff0c\u65f6\u95f4\u662f2019\u5e747\u670825\u65e515:28:58\uff0c\u65f6\u95f4\u662f2019\u5e747\u670825\u65e515:28:58\uff0c\u65f6\u95f4\u662f2019\u5e747\u670825\u65e515:28:58\uff0c\u65f6\u95f4\u662f2019\u5e747\u670825\u65e515:28:58\uff0c\u65f6\u95f4\u662f2019\u5e747\u670825\u65e515:28:58\uff0c\u65f6\u95f4\u662f2019\u5e747\u670825\u65e515:28:58\uff0c\u65f6\u95f4\u662f2019\u5e747\u670825\u65e515:28:58\uff0c\u65f6\u95f4\u662f2019\u5e747\u670825\u65e515:28:58\uff0c\u65f6\u95f4\u662f2019\u5e747\u670825\u65e515:28:58\uff0c\u65f6\u95f4\u662f2019\u5e747\u670825\u65e515:28:58\uff0c\u65f6\u95f4\u662f2019\u5e747\u670825\u65e515:28:58\uff0c\u65f6\u95f4\u662f2019\u5e747\u670825\u65e515:28:58\uff0c\u65f6\u95f4\u662f2019\u5e747\u670825\u65e515:28:58\uff0c\u65f6\u95f4\u662f2019\u5e747\u670825\u65e515:28:58\uff0c\u65f6\u95f4\u662f2019\u5e747\u670825\u65e515:28:58\uff0c\u65f6\u95f4\u662f2019\u5e747\u670825\u65e515:28:58\uff0c\u65f6\u95f4\u662f2019\u5e747\u670825\u65e515:28:58\uff0c\u65f6\u95f4\u662f2019\u5e747\u670825\u65e515:28:58\uff0c\u65f6\u95f4\u662f2019\u5e747\u670825\u65e515:28:58\uff0c\u65f6\u95f4\u662f2019\u5e747\u670825\u65e515:28:58\uff0c\u65f6\u95f4\u662f2019\u5e747\u670825\u65e515:28:58\uff0c\u65f6\u95f4\u662f2019\u5e747\u670825\u65e515:28:58\uff0c\u65f6\u95f4\u662f2019\u5e747\u670825\u65e515:28:58\uff0c\u65f6\u95f4\u662f2019\u5e747\u670825\u65e515:28:58\uff0c\u65f6\u95f4\u662f2019\u5e747\u670825\u65e515:28:58\uff0c\u65f6\u95f4\u662f2019\u5e747\u670825\u65e515:28:58\uff0c\u65f6\u95f4\u662f2019\u5e747\u670825\u65e515:28:58\uff0c\u65f6\u95f4\u662f2019\u5e747\u670825\u65e515:28:58\uff0c\u65f6\u95f4\u662f2019\u5e747\u670825\u65e515:28:58\uff0c\u65f6\u95f4\u662f2019\u5e747\u670825\u65e515:28:58\uff0c\u65f6\u95f4\u662f2019\u5e747\u670825\u65e515:28:58\uff0c\u65f6\u95f4\u662f2019\u5e747\u670825\u65e515:28:58\uff0c\u65f6\u95f4\u662f2019\u5e747\u670825\u65e515:28:58\uff0c\u65f6\u95f4\u662f2019\u5e747\u670825\u65e515:28:58\uff0c\u65f6\u95f4\u662f2019\u5e747\u670825\u65e515:28:58\uff0c\u65f6\u95f4\u662f2019\u5e747\u670825\u65e515:28:58\uff0c\u65f6\u95f4\u662f2019\u5e747\u670825\u65e515:28:58\uff0c\u65f6\u95f4\u662f2019\u5e747\u670825\u65e515:28:58\uff0c\u65f6\u95f4\u662f2019\u5e747\u670825\u65e515:28:58\uff0c\u65f6\u95f4\u662f2019\u5e747\u670825\u65e515:28:58\uff0c\u65f6\u95f4\u662f2019\u5e747\u670825\u65e515:28:58\uff0c\u65f6\u95f4\u662f2019\u5e747\u670825\u65e515:28:58\uff0c\u65f6\u95f4\u662f2019\u5e747\u670825\u65e515:28:58\uff0c\u65f6\u95f4\u662f2019\u5e747\u670825\u65e515:28:58\uff0c\u65f6\u95f4\u662f2019\u5e747\u670825\u65e515:28:58\uff0c\u65f6\u95f4\u662f2019\u5e747\u670825\u65e515:28:58\uff0c\u65f6\u95f4\u662f2019\u5e747\u670825\u65e515:28:58\uff0c\u65f6\u95f4\u662f2019\u5e747\u670825\u65e515:28:58\uff0c\u65f6\u95f4\u662f2019\u5e747\u670825\u65e515:28:58\uff0c\u65f6\u95f4\u662f2019\u5e747\u670825\u65e515:28:58\uff0c\u65f6\u95f4\u662f2019\u5e747\u670825\u65e515:28:58\uff0c\u65f6\u95f4\u662f2019\u5e747\u670825\u65e515:28:58\uff0c\u65f6\u95f4\u662f2019\u5e747\u670825\u65e515:28:58\uff0c\u65f6\u95f4\u662f2019\u5e747\u670825\u65e515:28:58\uff0c\u65f6\u95f4\u662f2019\u5e747\u670825\u65e515:28:58\uff0c\u65f6\u95f4\u662f2019\u5e747\u670825\u65e515:28:58\uff0c\u65f6\u95f4\u662f2019\u5e747\u670825\u65e515:28:58\uff0c\u65f6\u95f4\u662f2019\u5e747\u670825\u65e515:28:58\uff0c\u65f6\u95f4\u662f2019\u5e747\u670825\u65e515:28:58\uff0c\u65f6\u95f4\u662f2019\u5e747\u670825\u65e515:28:58\uff0c\u65f6\u95f4\u662f2019\u5e747\u670825\u65e515:28:58\uff0c\u65f6\u95f4\u662f2019\u5e747\u670825\u65e515:28:58\uff0c\u65f6\u95f4\u662f2019\u5e747\u670825\u65e515:28:58\uff0c\u65f6\u95f4\u662f2019\u5e747\u670825\u65e515:28:58\uff0c\u65f6\u95f4\u662f2019\u5e747\u670825\u65e515:28:58\uff0c\u65f6\u95f4\u662f2019\u5e747\u670825\u65e515:28:58\uff0c\u65f6\u95f4\u662f2019\u5e747\u670825\u65e515:28:58\uff0c\u65f6\u95f4\u662f2019\u5e747\u670825\u65e515:28:58\uff0c\u65f6\u95f4\u662f2019\u5e747\u670825\u65e515:28:58\uff0c\u65f6\u95f4\u662f2019\u5e747\u670825\u65e515:28:58\uff0c\u65f6\u95f4\u662f2019\u5e747\u670825\u65e515:28:58\uff0c\u65f6\u95f4\u662f2019\u5e747\u670825\u65e515:28:58\uff0c\u65f6\u95f4\u662f2019\u5e747\u670825\u65e515:28:58\uff0c\u65f6\u95f4\u662f2019\u5e747\u670825\u65e515:28:58\uff0c\u65f6\u95f4\u662f2019\u5e747\u670825\u65e515:28:58\uff0c\u65f6\u95f4\u662f", "author": 1, "created_time": "2019-07-25T07:29:21.033", "last_updated_time": "2019-07-25T07:29:21.033"}}, {"model": "blog.blog", "pk": 5, "fields": {"title": "\u7b2c\u4e8c\u7bc7\u535a\u5ba2", "blog_type": 2, "content": "<h2>1.\u6807\u9898\u6d4b\u8bd5</h2>\r\n\r\n<p><img alt=\"\" src=\"/media/upload/2019/08/12/18.jpg\" style=\"height:240px\" /></p>\r\n\r\n<p>body { margin-<strong>top: 7</strong>0px!<br />\r\nimportant; }</p>\r\n\r\n<p><span style=\"color:#3498db\">hello\uff0c<span style=\"background-color:#f1c40f\">world</span></span></p>", "author": 1, "created_time": "2019-07-25T07:44:18.144", "last_updated_time": "2019-08-12T12:46:18.022"}}, {"model": "blog.blog", "pk": 7, "fields": {"title": "shell\u4e0b\u7684\u7b2c\u4e00\u7bc7", "blog_type": 1, "content": "XXXXXXXXXXXXXXXXXXXXXXXXXX", "author": 1, "created_time": "2019-08-11T08:17:10.374", "last_updated_time": "2019-08-11T08:17:10.374"}}, {"model": "blog.blog", "pk": 8, "fields": {"title": "for 1", "blog_type": 1, "content": "xxxx:1", "author": 1, "created_time": "2019-08-11T08:27:25.447", "last_updated_time": "2019-08-11T08:27:25.447"}}, {"model": "blog.blog", "pk": 9, "fields": {"title": "for 2", "blog_type": 1, "content": "xxxx:2", "author": 1, "created_time": "2019-08-11T08:27:25.875", "last_updated_time": "2019-08-11T08:27:25.875"}}, {"model": "blog.blog", "pk": 10, "fields": {"title": "for 3", "blog_type": 1, "content": "xxxx:3", "author": 1, "created_time": "2019-08-11T08:27:26.018", "last_updated_time": "2019-08-11T08:27:26.018"}}, {"model": "blog.blog", "pk": 11, "fields": {"title": "for 4", "blog_type": 1, "content": "<p>xxxx:4</p>", "author": 1, "created_time": "2019-08-11T08:27:26.182", "last_updated_time": "2019-08-12T12:24:30.599"}}, {"model": "blog.blog", "pk": 12, "fields": {"title": "for 5", "blog_type": 1, "content": "xxxx:5", "author": 1, "created_time": "2019-08-11T08:27:26.282", "last_updated_time": "2019-08-11T08:27:26.282"}}, {"model": "blog.blog", "pk": 13, "fields": {"title": "for 6", "blog_type": 1, "content": "xxxx:6", "author": 1, "created_time": "2019-08-11T08:27:26.386", "last_updated_time": "2019-08-11T08:27:26.386"}}, {"model": "blog.blog", "pk": 14, "fields": {"title": "for 7", "blog_type": 1, "content": "xxxx:7", "author": 1, "created_time": "2019-08-11T08:27:26.515", "last_updated_time": "2019-08-11T08:27:26.515"}}, {"model": "blog.blog", "pk": 15, "fields": {"title": "for 8", "blog_type": 1, "content": "xxxx:8", "author": 1, "created_time": "2019-08-11T08:27:26.641", "last_updated_time": "2019-08-11T08:27:26.641"}}, {"model": "blog.blog", "pk": 16, "fields": {"title": "for 9", "blog_type": 1, "content": "xxxx:9", "author": 1, "created_time": "2019-08-11T08:27:26.770", "last_updated_time": "2019-08-11T08:27:26.770"}}, {"model": "blog.blog", "pk": 17, "fields": {"title": "for 10", "blog_type": 1, "content": "xxxx:10", "author": 1, "created_time": "2019-08-11T08:27:26.897", "last_updated_time": "2019-08-11T08:27:26.897"}}, {"model": "blog.blog", "pk": 18, "fields": {"title": "for 11", "blog_type": 1, "content": "xxxx:11", "author": 1, "created_time": "2019-08-11T08:27:27.026", "last_updated_time": "2019-08-11T08:27:27.026"}}, {"model": "blog.blog", "pk": 19, "fields": {"title": "for 12", "blog_type": 1, "content": "xxxx:12", "author": 1, "created_time": "2019-08-11T08:27:27.149", "last_updated_time": "2019-08-11T08:27:27.149"}}, {"model": "blog.blog", "pk": 20, "fields": {"title": "for 13", "blog_type": 1, "content": "xxxx:13", "author": 1, "created_time": "2019-08-11T08:27:27.270", "last_updated_time": "2019-08-11T08:27:27.270"}}, {"model": "blog.blog", "pk": 21, "fields": {"title": "for 14", "blog_type": 1, "content": "xxxx:14", "author": 1, "created_time": "2019-08-11T08:27:27.393", "last_updated_time": "2019-08-11T08:27:27.394"}}, {"model": "blog.blog", "pk": 22, "fields": {"title": "for 15", "blog_type": 1, "content": "xxxx:15", "author": 1, "created_time": "2019-08-11T08:27:27.515", "last_updated_time": "2019-08-11T08:27:27.515"}}, {"model": "blog.blog", "pk": 23, "fields": {"title": "for 16", "blog_type": 1, "content": "xxxx:16", "author": 1, "created_time": "2019-08-11T08:27:27.637", "last_updated_time": "2019-08-11T08:27:27.637"}}, {"model": "blog.blog", "pk": 24, "fields": {"title": "for 17", "blog_type": 1, "content": "xxxx:17", "author": 1, "created_time": "2019-08-11T08:27:27.763", "last_updated_time": "2019-08-11T08:27:27.763"}}, {"model": "blog.blog", "pk": 25, "fields": {"title": "for 18", "blog_type": 1, "content": "xxxx:18", "author": 1, "created_time": "2019-08-11T08:27:27.886", "last_updated_time": "2019-08-11T08:27:27.886"}}, {"model": "blog.blog", "pk": 26, "fields": {"title": "for 19", "blog_type": 1, "content": "xxxx:19", "author": 1, "created_time": "2019-08-11T08:27:28.007", "last_updated_time": "2019-08-11T08:27:28.007"}}, {"model": "blog.blog", "pk": 27, "fields": {"title": "for 20", "blog_type": 1, "content": "xxxx:20", "author": 1, "created_time": "2019-08-11T08:27:28.133", "last_updated_time": "2019-08-11T08:27:28.133"}}, {"model": "blog.blog", "pk": 28, "fields": {"title": "for 21", "blog_type": 1, "content": "xxxx:21", "author": 1, "created_time": "2019-08-11T08:27:28.308", "last_updated_time": "2019-08-11T08:27:28.308"}}, {"model": "blog.blog", "pk": 29, "fields": {"title": "for 22", "blog_type": 1, "content": "xxxx:22", "author": 1, "created_time": "2019-08-11T08:27:28.416", "last_updated_time": "2019-08-11T08:27:28.416"}}, {"model": "blog.blog", "pk": 30, "fields": {"title": "for 23", "blog_type": 1, "content": "xxxx:23", "author": 1, "created_time": "2019-08-11T08:27:28.514", "last_updated_time": "2019-08-11T08:27:28.514"}}, {"model": "blog.blog", "pk": 31, "fields": {"title": "for 24", "blog_type": 1, "content": "xxxx:24", "author": 1, "created_time": "2019-08-11T08:27:28.618", "last_updated_time": "2019-08-11T08:27:28.619"}}, {"model": "blog.blog", "pk": 32, "fields": {"title": "for 25", "blog_type": 1, "content": "xxxx:25", "author": 1, "created_time": "2019-08-11T08:27:28.727", "last_updated_time": "2019-08-11T08:27:28.727"}}, {"model": "blog.blog", "pk": 33, "fields": {"title": "for 26", "blog_type": 1, "content": "xxxx:26", "author": 1, "created_time": "2019-08-11T08:27:28.831", "last_updated_time": "2019-08-11T08:27:28.831"}}, {"model": "blog.blog", "pk": 34, "fields": {"title": "for 27", "blog_type": 1, "content": "xxxx:27", "author": 1, "created_time": "2019-08-11T08:27:28.951", "last_updated_time": "2019-08-11T08:27:28.951"}}, {"model": "blog.blog", "pk": 35, "fields": {"title": "for 28", "blog_type": 1, "content": "xxxx:28", "author": 1, "created_time": "2019-08-11T08:27:29.088", "last_updated_time": "2019-08-11T08:27:29.088"}}, {"model": "blog.blog", "pk": 36, "fields": {"title": "for 29", "blog_type": 1, "content": "xxxx:29", "author": 1, "created_time": "2019-08-11T08:27:29.224", "last_updated_time": "2019-08-13T02:33:04.043"}}, {"model": "blog.blog", "pk": 37, "fields": {"title": "for 30", "blog_type": 1, "content": "<p>xxxx:30</p>", "author": 1, "created_time": "2019-08-11T08:27:29.358", "last_updated_time": "2019-08-13T02:32:33.006"}}, {"model": "comment.comment", "pk": 7, "fields": {"content_type": 7, "object_id": 37, "text": "2019\u5e748\u670816\u65e510:19:37", "comment_time": "2019-08-16T02:19:40.880", "user": 1, "root": null, "parent": null, "reply_to": null}}, {"model": "comment.comment", "pk": 8, "fields": {"content_type": 7, "object_id": 37, "text": "2019\u5e748\u670816\u65e510:56:07", "comment_time": "2019-08-16T10:56:09.736", "user": 1, "root": null, "parent": null, "reply_to": null}}, {"model": "comment.comment", "pk": 9, "fields": {"content_type": 7, "object_id": 37, "text": "2019\u5e748\u670816\u65e511:03:49", "comment_time": "2019-08-16T11:03:53.163", "user": 1, "root": null, "parent": null, "reply_to": null}}, {"model": "comment.comment", "pk": 24, "fields": {"content_type": 7, "object_id": 37, "text": "<p><img alt=\"smiley\" height=\"23\" src=\"http://localhost:8000/static/ckeditor/ckeditor/plugins/smiley/images/regular_smile.png\" title=\"smiley\" width=\"23\" /></p>", "comment_time": "2019-08-18T15:28:50.672", "user": 1, "root": null, "parent": null, "reply_to": null}}, {"model": "comment.comment", "pk": 25, "fields": {"content_type": 7, "object_id": 37, "text": "<p>1</p>", "comment_time": "2019-08-18T17:03:12.994", "user": 1, "root": 24, "parent": 24, "reply_to": 1}}, {"model": "comment.comment", "pk": 26, "fields": {"content_type": 7, "object_id": 37, "text": "<p>1</p>", "comment_time": "2019-08-18T17:03:14.380", "user": 1, "root": 24, "parent": 24, "reply_to": 1}}, {"model": "comment.comment", "pk": 27, "fields": {"content_type": 7, "object_id": 37, "text": "<p>1</p>", "comment_time": "2019-08-18T17:03:15.064", "user": 1, "root": 24, "parent": 24, "reply_to": 1}}, {"model": "comment.comment", "pk": 28, "fields": {"content_type": 7, "object_id": 37, "text": "<p>1</p>", "comment_time": "2019-08-18T17:03:15.267", "user": 1, "root": 24, "parent": 24, "reply_to": 1}}, {"model": "comment.comment", "pk": 29, "fields": {"content_type": 7, "object_id": 37, "text": "<p>1</p>", "comment_time": "2019-08-18T17:03:15.389", "user": 1, "root": 24, "parent": 24, "reply_to": 1}}, {"model": "comment.comment", "pk": 30, "fields": {"content_type": 7, "object_id": 37, "text": "<p>1</p>", "comment_time": "2019-08-18T17:03:22.268", "user": 1, "root": 24, "parent": 24, "reply_to": 1}}, {"model": "comment.comment", "pk": 31, "fields": {"content_type": 7, "object_id": 37, "text": "<p>1</p>", "comment_time": "2019-08-18T17:03:22.761", "user": 1, "root": 24, "parent": 24, "reply_to": 1}}, {"model": "comment.comment", "pk": 32, "fields": {"content_type": 7, "object_id": 37, "text": "<p>1</p>", "comment_time": "2019-08-18T17:03:22.947", "user": 1, "root": 24, "parent": 24, "reply_to": 1}}, {"model": "comment.comment", "pk": 33, "fields": {"content_type": 7, "object_id": 37, "text": "<p>1</p>", "comment_time": "2019-08-18T17:03:23.071", "user": 1, "root": 24, "parent": 24, "reply_to": 1}}, {"model": "comment.comment", "pk": 34, "fields": {"content_type": 7, "object_id": 37, "text": "<p>1</p>", "comment_time": "2019-08-18T17:03:23.189", "user": 1, "root": 24, "parent": 24, "reply_to": 1}}, {"model": "comment.comment", "pk": 35, "fields": {"content_type": 7, "object_id": 37, "text": "<p>1</p>", "comment_time": "2019-08-18T17:03:23.314", "user": 1, "root": 24, "parent": 24, "reply_to": 1}}, {"model": "comment.comment", "pk": 36, "fields": {"content_type": 7, "object_id": 37, "text": "<p>1</p>", "comment_time": "2019-08-18T17:03:23.523", "user": 1, "root": 24, "parent": 24, "reply_to": 1}}, {"model": "comment.comment", "pk": 37, "fields": {"content_type": 7, "object_id": 37, "text": "<p>1</p>", "comment_time": "2019-08-18T17:03:23.740", "user": 1, "root": 24, "parent": 24, "reply_to": 1}}, {"model": "comment.comment", "pk": 38, "fields": {"content_type": 7, "object_id": 37, "text": "<p>1</p>", "comment_time": "2019-08-18T17:03:23.963", "user": 1, "root": 24, "parent": 24, "reply_to": 1}}, {"model": "comment.comment", "pk": 39, "fields": {"content_type": 7, "object_id": 37, "text": "<p>1</p>", "comment_time": "2019-08-18T17:03:24.173", "user": 1, "root": 24, "parent": 24, "reply_to": 1}}, {"model": "comment.comment", "pk": 40, "fields": {"content_type": 7, "object_id": 37, "text": "<p>1</p>", "comment_time": "2019-08-18T17:03:55.218", "user": 1, "root": 24, "parent": 24, "reply_to": 1}}, {"model": "comment.comment", "pk": 41, "fields": {"content_type": 7, "object_id": 37, "text": "<p>1</p>", "comment_time": "2019-08-18T17:03:55.502", "user": 1, "root": 24, "parent": 24, "reply_to": 1}}, {"model": "comment.comment", "pk": 42, "fields": {"content_type": 7, "object_id": 37, "text": "<p>1</p>", "comment_time": "2019-08-18T17:03:55.663", "user": 1, "root": 24, "parent": 24, "reply_to": 1}}, {"model": "comment.comment", "pk": 43, "fields": {"content_type": 7, "object_id": 37, "text": "<p>1</p>", "comment_time": "2019-08-18T17:03:55.853", "user": 1, "root": 24, "parent": 24, "reply_to": 1}}, {"model": "comment.comment", "pk": 44, "fields": {"content_type": 7, "object_id": 37, "text": "<p>1</p>", "comment_time": "2019-08-18T17:03:56.029", "user": 1, "root": 24, "parent": 24, "reply_to": 1}}, {"model": "comment.comment", "pk": 45, "fields": {"content_type": 7, "object_id": 37, "text": "<p>1</p>", "comment_time": "2019-08-18T17:03:56.218", "user": 1, "root": 24, "parent": 24, "reply_to": 1}}, {"model": "comment.comment", "pk": 46, "fields": {"content_type": 7, "object_id": 37, "text": "<p>1</p>", "comment_time": "2019-08-18T17:03:56.382", "user": 1, "root": 24, "parent": 24, "reply_to": 1}}, {"model": "comment.comment", "pk": 47, "fields": {"content_type": 7, "object_id": 37, "text": "<p>1</p>", "comment_time": "2019-08-18T17:03:56.520", "user": 1, "root": 24, "parent": 24, "reply_to": 1}}, {"model": "comment.comment", "pk": 48, "fields": {"content_type": 7, "object_id": 37, "text": "<p>1</p>", "comment_time": "2019-08-18T17:03:56.662", "user": 1, "root": 24, "parent": 24, "reply_to": 1}}, {"model": "comment.comment", "pk": 49, "fields": {"content_type": 7, "object_id": 37, "text": "<p>1</p>", "comment_time": "2019-08-18T17:03:56.792", "user": 1, "root": 24, "parent": 24, "reply_to": 1}}, {"model": "comment.comment", "pk": 50, "fields": {"content_type": 7, "object_id": 37, "text": "<p>1</p>", "comment_time": "2019-08-18T17:03:56.924", "user": 1, "root": 24, "parent": 24, "reply_to": 1}}, {"model": "comment.comment", "pk": 51, "fields": {"content_type": 7, "object_id": 37, "text": "<p>1</p>", "comment_time": "2019-08-18T17:03:57.408", "user": 1, "root": 24, "parent": 24, "reply_to": 1}}, {"model": "comment.comment", "pk": 52, "fields": {"content_type": 7, "object_id": 37, "text": "<p>1</p>", "comment_time": "2019-08-18T17:03:57.592", "user": 1, "root": 24, "parent": 24, "reply_to": 1}}, {"model": "comment.comment", "pk": 53, "fields": {"content_type": 7, "object_id": 37, "text": "<p>1</p>", "comment_time": "2019-08-18T17:03:57.722", "user": 1, "root": 24, "parent": 24, "reply_to": 1}}, {"model": "comment.comment", "pk": 54, "fields": {"content_type": 7, "object_id": 37, "text": "<p>1</p>", "comment_time": "2019-08-18T17:03:57.724", "user": 1, "root": 24, "parent": 24, "reply_to": 1}}, {"model": "comment.comment", "pk": 55, "fields": {"content_type": 7, "object_id": 37, "text": "<p>1</p>", "comment_time": "2019-08-18T17:03:58.033", "user": 1, "root": 24, "parent": 24, "reply_to": 1}}, {"model": "comment.comment", "pk": 56, "fields": {"content_type": 7, "object_id": 37, "text": "<p>1</p>", "comment_time": "2019-08-18T17:03:58.035", "user": 1, "root": 24, "parent": 24, "reply_to": 1}}, {"model": "comment.comment", "pk": 57, "fields": {"content_type": 7, "object_id": 37, "text": "<p>1</p>", "comment_time": "2019-08-18T17:03:58.184", "user": 1, "root": 24, "parent": 24, "reply_to": 1}}, {"model": "comment.comment", "pk": 58, "fields": {"content_type": 7, "object_id": 37, "text": "<p>1</p>", "comment_time": "2019-08-18T17:03:58.634", "user": 1, "root": 24, "parent": 24, "reply_to": 1}}, {"model": "comment.comment", "pk": 59, "fields": {"content_type": 7, "object_id": 37, "text": "<p>1</p>", "comment_time": "2019-08-18T17:04:05.472", "user": 1, "root": 24, "parent": 24, "reply_to": 1}}, {"model": "comment.comment", "pk": 60, "fields": {"content_type": 7, "object_id": 37, "text": "<p>1</p>", "comment_time": "2019-08-18T17:04:11.389", "user": 1, "root": 24, "parent": 24, "reply_to": 1}}, {"model": "comment.comment", "pk": 61, "fields": {"content_type": 7, "object_id": 37, "text": "<p>1</p>", "comment_time": "2019-08-18T17:05:13.963", "user": 1, "root": null, "parent": null, "reply_to": null}}, {"model": "comment.comment", "pk": 62, "fields": {"content_type": 7, "object_id": 37, "text": "<p>1</p>", "comment_time": "2019-08-18T17:05:14.925", "user": 1, "root": null, "parent": null, "reply_to": null}}, {"model": "comment.comment", "pk": 63, "fields": {"content_type": 7, "object_id": 37, "text": "<p>1</p>", "comment_time": "2019-08-18T17:05:15.423", "user": 1, "root": null, "parent": null, "reply_to": null}}, {"model": "comment.comment", "pk": 64, "fields": {"content_type": 7, "object_id": 37, "text": "<p>1</p>", "comment_time": "2019-08-18T17:05:15.593", "user": 1, "root": null, "parent": null, "reply_to": null}}, {"model": "comment.comment", "pk": 65, "fields": {"content_type": 7, "object_id": 37, "text": "<p>1</p>", "comment_time": "2019-08-18T17:05:27.225", "user": 1, "root": null, "parent": null, "reply_to": null}}, {"model": "comment.comment", "pk": 66, "fields": {"content_type": 7, "object_id": 37, "text": "<p><img alt=\"smiley\" height=\"23\" src=\"http://localhost:8000/static/ckeditor/ckeditor/plugins/smiley/images/regular_smile.png\" title=\"smiley\" width=\"23\" /></p>", "comment_time": "2019-08-18T17:05:43.056", "user": 1, "root": 65, "parent": 65, "reply_to": 1}}, {"model": "comment.comment", "pk": 67, "fields": {"content_type": 7, "object_id": 37, "text": "<p><img alt=\"smiley\" height=\"23\" src=\"http://localhost:8000/static/ckeditor/ckeditor/plugins/smiley/images/regular_smile.png\" title=\"smiley\" width=\"23\" /></p>", "comment_time": "2019-08-18T17:05:44.343", "user": 1, "root": 65, "parent": 65, "reply_to": 1}}, {"model": "comment.comment", "pk": 68, "fields": {"content_type": 7, "object_id": 37, "text": "<p><img alt=\"smiley\" height=\"23\" src=\"http://localhost:8000/static/ckeditor/ckeditor/plugins/smiley/images/regular_smile.png\" title=\"smiley\" width=\"23\" /></p>", "comment_time": "2019-08-18T17:05:46.770", "user": 1, "root": 65, "parent": 65, "reply_to": 1}}, {"model": "comment.comment", "pk": 69, "fields": {"content_type": 7, "object_id": 37, "text": "<p><img alt=\"smiley\" height=\"23\" src=\"http://localhost:8000/static/ckeditor/ckeditor/plugins/smiley/images/regular_smile.png\" title=\"smiley\" width=\"23\" /></p>", "comment_time": "2019-08-18T17:05:47.013", "user": 1, "root": 65, "parent": 65, "reply_to": 1}}, {"model": "comment.comment", "pk": 70, "fields": {"content_type": 7, "object_id": 37, "text": "<p>2</p>", "comment_time": "2019-08-18T17:06:58.398", "user": 1, "root": null, "parent": null, "reply_to": null}}, {"model": "comment.comment", "pk": 71, "fields": {"content_type": 7, "object_id": 37, "text": "<p><img alt=\"smiley\" height=\"23\" src=\"http://localhost:8000/static/ckeditor/ckeditor/plugins/smiley/images/regular_smile.png\" title=\"smiley\" width=\"23\" /></p>", "comment_time": "2019-08-18T17:07:20.538", "user": 1, "root": 70, "parent": 70, "reply_to": 1}}, {"model": "comment.comment", "pk": 72, "fields": {"content_type": 7, "object_id": 37, "text": "<p><img alt=\"cheeky\" height=\"23\" src=\"http://localhost:8000/static/ckeditor/ckeditor/plugins/smiley/images/tongue_smile.png\" title=\"cheeky\" width=\"23\" /></p>", "comment_time": "2019-08-18T17:08:09.469", "user": 1, "root": 70, "parent": 71, "reply_to": 1}}, {"model": "comment.comment", "pk": 73, "fields": {"content_type": 7, "object_id": 37, "text": "<p>1</p>", "comment_time": "2019-08-18T17:10:08.036", "user": 1, "root": 70, "parent": 71, "reply_to": 1}}, {"model": "comment.comment", "pk": 77, "fields": {"content_type": 7, "object_id": 35, "text": "<p>123</p>", "comment_time": "2019-08-19T10:42:06.990", "user": 1, "root": null, "parent": null, "reply_to": null}}, {"model": "comment.comment", "pk": 78, "fields": {"content_type": 7, "object_id": 35, "text": "<p>\u7b2c\u4e8c\u6761</p>", "comment_time": "2019-08-19T10:56:54.581", "user": 1, "root": null, "parent": null, "reply_to": null}}, {"model": "comment.comment", "pk": 79, "fields": {"content_type": 7, "object_id": 35, "text": "<p>\u7b2c\u4e8c\u6761\u7684\u56de\u590d</p>", "comment_time": "2019-08-19T11:02:53.862", "user": 1, "root": 78, "parent": 78, "reply_to": 1}}, {"model": "comment.comment", "pk": 80, "fields": {"content_type": 7, "object_id": 35, "text": "<p>disantio&nbsp;</p>", "comment_time": "2019-08-19T11:04:27.463", "user": 1, "root": null, "parent": null, "reply_to": null}}, {"model": "comment.comment", "pk": 81, "fields": {"content_type": 7, "object_id": 35, "text": "<p>\u7b2c\u4e09\u6761</p>\r\n\r\n<p>&nbsp;</p>", "comment_time": "2019-08-19T11:21:32.015", "user": 1, "root": null, "parent": null, "reply_to": null}}, {"model": "comment.comment", "pk": 82, "fields": {"content_type": 7, "object_id": 35, "text": "<p>\u7b2c\u4e09\u6761\u56de\u590d</p>", "comment_time": "2019-08-19T11:21:43.863", "user": 1, "root": 81, "parent": 81, "reply_to": 1}}, {"model": "comment.comment", "pk": 83, "fields": {"content_type": 7, "object_id": 37, "text": "<p>2019\u5e748\u670820\u65e510:24:59</p>", "comment_time": "2019-08-20T10:25:04.240", "user": 1, "root": null, "parent": null, "reply_to": null}}, {"model": "comment.comment", "pk": 84, "fields": {"content_type": 7, "object_id": 37, "text": "<p>112123</p>", "comment_time": "2019-08-20T10:55:28.877", "user": 1, "root": 83, "parent": 83, "reply_to": 1}}, {"model": "comment.comment", "pk": 85, "fields": {"content_type": 7, "object_id": 37, "text": "<p>123321321</p>\r\n\r\n<p>&nbsp;</p>", "comment_time": "2019-08-20T10:59:09.620", "user": 1, "root": 83, "parent": 84, "reply_to": 1}}, {"model": "comment.comment", "pk": 86, "fields": {"content_type": 7, "object_id": 37, "text": "<p>111</p>", "comment_time": "2019-08-20T11:49:47.704", "user": 1, "root": null, "parent": null, "reply_to": null}}, {"model": "comment.comment", "pk": 87, "fields": {"content_type": 7, "object_id": 37, "text": "<p>222</p>", "comment_time": "2019-08-20T11:49:59.701", "user": 1, "root": 86, "parent": 86, "reply_to": 1}}, {"model": "comment.comment", "pk": 88, "fields": {"content_type": 7, "object_id": 37, "text": "<p>111111111</p>", "comment_time": "2019-08-20T15:55:37.720", "user": 1, "root": null, "parent": null, "reply_to": null}}, {"model": "comment.comment", "pk": 89, "fields": {"content_type": 7, "object_id": 37, "text": "<p>00000000</p>", "comment_time": "2019-08-20T15:55:51.314", "user": 1, "root": 88, "parent": 88, "reply_to": 1}}, {"model": "comment.comment", "pk": 90, "fields": {"content_type": 7, "object_id": 37, "text": "<p>000</p>", "comment_time": "2019-08-20T15:56:41.441", "user": 1, "root": 88, "parent": 88, "reply_to": 1}}, {"model": "comment.comment", "pk": 91, "fields": {"content_type": 7, "object_id": 37, "text": "<p>999</p>", "comment_time": "2019-08-20T15:57:10.674", "user": 1, "root": 88, "parent": 90, "reply_to": 1}}, {"model": "comment.comment", "pk": 92, "fields": {"content_type": 7, "object_id": 37, "text": "<p>1111111111</p>", "comment_time": "2019-08-20T15:58:17.442", "user": 1, "root": 88, "parent": 88, "reply_to": 1}}, {"model": "comment.comment", "pk": 93, "fields": {"content_type": 7, "object_id": 37, "text": "<p>qqq</p>", "comment_time": "2019-08-20T15:59:46.691", "user": 1, "root": 88, "parent": 88, "reply_to": 1}}, {"model": "comment.comment", "pk": 94, "fields": {"content_type": 7, "object_id": 37, "text": "<p>qqq</p>", "comment_time": "2019-08-20T16:01:07.785", "user": 1, "root": null, "parent": null, "reply_to": null}}, {"model": "comment.comment", "pk": 95, "fields": {"content_type": 7, "object_id": 37, "text": "<p>www</p>", "comment_time": "2019-08-20T16:01:17.334", "user": 1, "root": 94, "parent": 94, "reply_to": 1}}, {"model": "comment.comment", "pk": 96, "fields": {"content_type": 7, "object_id": 37, "text": "<p>eee</p>", "comment_time": "2019-08-20T16:01:27.588", "user": 1, "root": 94, "parent": 95, "reply_to": 1}}, {"model": "comment.comment", "pk": 97, "fields": {"content_type": 7, "object_id": 37, "text": "<p>q</p>", "comment_time": "2019-08-20T16:04:53.813", "user": 1, "root": 94, "parent": 94, "reply_to": 1}}, {"model": "comment.comment", "pk": 98, "fields": {"content_type": 7, "object_id": 37, "text": "<p>w</p>", "comment_time": "2019-08-20T16:05:36.674", "user": 1, "root": 94, "parent": 97, "reply_to": 1}}, {"model": "comment.comment", "pk": 99, "fields": {"content_type": 7, "object_id": 37, "text": "<p>qwerr</p>", "comment_time": "2019-08-20T16:06:55.117", "user": 1, "root": null, "parent": null, "reply_to": null}}, {"model": "comment.comment", "pk": 100, "fields": {"content_type": 7, "object_id": 37, "text": "<p>rewq</p>", "comment_time": "2019-08-20T16:07:07.353", "user": 1, "root": 99, "parent": 99, "reply_to": 1}}, {"model": "comment.comment", "pk": 101, "fields": {"content_type": 7, "object_id": 37, "text": "<p>111</p>", "comment_time": "2019-08-20T16:09:15.792", "user": 1, "root": 99, "parent": 99, "reply_to": 1}}, {"model": "comment.comment", "pk": 102, "fields": {"content_type": 7, "object_id": 37, "text": "<p>222</p>", "comment_time": "2019-08-20T16:09:46.080", "user": 1, "root": 99, "parent": 101, "reply_to": 1}}, {"model": "comment.comment", "pk": 103, "fields": {"content_type": 7, "object_id": 37, "text": "<p>333</p>", "comment_time": "2019-08-20T16:10:28.344", "user": 1, "root": 99, "parent": 102, "reply_to": 1}}, {"model": "comment.comment", "pk": 104, "fields": {"content_type": 7, "object_id": 37, "text": "<p>444</p>", "comment_time": "2019-08-20T16:10:38.710", "user": 1, "root": 99, "parent": 103, "reply_to": 1}}, {"model": "comment.comment", "pk": 105, "fields": {"content_type": 7, "object_id": 37, "text": "<p>555</p>", "comment_time": "2019-08-20T16:12:32.315", "user": 1, "root": 99, "parent": 104, "reply_to": 1}}, {"model": "comment.comment", "pk": 106, "fields": {"content_type": 7, "object_id": 37, "text": "<p>666</p>", "comment_time": "2019-08-20T16:12:42.005", "user": 1, "root": 99, "parent": 105, "reply_to": 1}}, {"model": "comment.comment", "pk": 107, "fields": {"content_type": 7, "object_id": 37, "text": "<p>qwer</p>\r\n\r\n<p>&nbsp;</p>", "comment_time": "2019-08-22T10:27:24.991", "user": 1, "root": 99, "parent": 99, "reply_to": 1}}, {"model": "comment.comment", "pk": 108, "fields": {"content_type": 7, "object_id": 37, "text": "<p>\u53bb\u73a9\u513f</p>", "comment_time": "2019-08-22T10:28:18.948", "user": 1, "root": 99, "parent": 107, "reply_to": 1}}, {"model": "comment.comment", "pk": 109, "fields": {"content_type": 7, "object_id": 37, "text": "<p>qwer</p>", "comment_time": "2019-08-22T10:28:40.115", "user": 1, "root": 99, "parent": 108, "reply_to": 1}}, {"model": "comment.comment", "pk": 110, "fields": {"content_type": 7, "object_id": 37, "text": "<p>rewq</p>", "comment_time": "2019-08-22T10:32:23.036", "user": 1, "root": 99, "parent": 109, "reply_to": 1}}, {"model": "comment.comment", "pk": 111, "fields": {"content_type": 7, "object_id": 37, "text": "<p>ewq</p>", "comment_time": "2019-08-22T10:32:52.851", "user": 1, "root": 99, "parent": 110, "reply_to": 1}}, {"model": "comment.comment", "pk": 112, "fields": {"content_type": 7, "object_id": 37, "text": "<p>889</p>\r\n\r\n<p>&nbsp;</p>", "comment_time": "2019-08-22T10:34:00.331", "user": 1, "root": null, "parent": null, "reply_to": null}}, {"model": "comment.comment", "pk": 113, "fields": {"content_type": 7, "object_id": 37, "text": "<p>998</p>", "comment_time": "2019-08-22T10:34:09.763", "user": 1, "root": 112, "parent": 112, "reply_to": 1}}, {"model": "comment.comment", "pk": 114, "fields": {"content_type": 7, "object_id": 37, "text": "<p>\u8bc4\u8bba\u90ae\u4ef6\u6d4b\u8bd5</p>", "comment_time": "2019-08-29T20:40:27.534", "user": 6, "root": null, "parent": null, "reply_to": null}}, {"model": "comment.comment", "pk": 115, "fields": {"content_type": 7, "object_id": 37, "text": "<p>pinglunyoujian&nbsp;</p>", "comment_time": "2019-08-29T20:50:09.458", "user": 1, "root": null, "parent": null, "reply_to": null}}, {"model": "comment.comment", "pk": 116, "fields": {"content_type": 7, "object_id": 37, "text": "<p>pinglun&nbsp;</p>", "comment_time": "2019-08-29T21:05:48.242", "user": 1, "root": null, "parent": null, "reply_to": null}}, {"model": "comment.comment", "pk": 117, "fields": {"content_type": 7, "object_id": 37, "text": "<p>111</p>", "comment_time": "2019-08-29T21:10:15.170", "user": 1, "root": null, "parent": null, "reply_to": null}}, {"model": "comment.comment", "pk": 118, "fields": {"content_type": 7, "object_id": 37, "text": "<p>222</p>", "comment_time": "2019-08-29T21:10:27.716", "user": 1, "root": 117, "parent": 117, "reply_to": 1}}, {"model": "comment.comment", "pk": 119, "fields": {"content_type": 7, "object_id": 37, "text": "<p>111</p>\r\n\r\n<p>&nbsp;</p>", "comment_time": "2019-08-29T21:13:16.988", "user": 1, "root": null, "parent": null, "reply_to": null}}, {"model": "comment.comment", "pk": 120, "fields": {"content_type": 7, "object_id": 37, "text": "<p>1</p>", "comment_time": "2019-08-29T21:17:35.367", "user": 1, "root": null, "parent": null, "reply_to": null}}, {"model": "comment.comment", "pk": 121, "fields": {"content_type": 7, "object_id": 37, "text": "<p>sadasd</p>", "comment_time": "2019-08-29T21:18:33.345", "user": 1, "root": null, "parent": null, "reply_to": null}}, {"model": "comment.comment", "pk": 122, "fields": {"content_type": 7, "object_id": 37, "text": "<p>duoxianc</p>", "comment_time": "2019-08-29T21:35:12.733", "user": 1, "root": null, "parent": null, "reply_to": null}}, {"model": "comment.comment", "pk": 123, "fields": {"content_type": 7, "object_id": 37, "text": "<p>111111</p>", "comment_time": "2019-08-29T21:39:13.874", "user": 1, "root": null, "parent": null, "reply_to": null}}, {"model": "comment.comment", "pk": 124, "fields": {"content_type": 7, "object_id": 37, "text": "<p>22222</p>", "comment_time": "2019-08-29T21:39:29.935", "user": 1, "root": null, "parent": null, "reply_to": null}}, {"model": "comment.comment", "pk": 125, "fields": {"content_type": 7, "object_id": 37, "text": "<p>33333</p>", "comment_time": "2019-08-29T21:40:35.406", "user": 1, "root": null, "parent": null, "reply_to": null}}, {"model": "comment.comment", "pk": 126, "fields": {"content_type": 7, "object_id": 37, "text": "<p>11111</p>", "comment_time": "2019-08-29T21:42:48.866", "user": 1, "root": 125, "parent": 125, "reply_to": 1}}, {"model": "comment.comment", "pk": 127, "fields": {"content_type": 7, "object_id": 37, "text": "<p>11111</p>", "comment_time": "2019-08-29T21:45:05.133", "user": 1, "root": 125, "parent": 125, "reply_to": 1}}, {"model": "likes.likerecord", "pk": 12, "fields": {"content_type": 12, "object_id": 71, "user": 1, "liked_time": "2019-08-19T18:40:39.854"}}, {"model": "likes.likerecord", "pk": 14, "fields": {"content_type": 7, "object_id": 5, "user": 1, "liked_time": "2019-08-19T18:42:02.920"}}, {"model": "likes.likerecord", "pk": 16, "fields": {"content_type": 12, "object_id": 72, "user": 1, "liked_time": "2019-08-19T18:45:24.583"}}, {"model": "likes.likerecord", "pk": 30, "fields": {"content_type": 12, "object_id": 83, "user": 1, "liked_time": "2019-08-20T11:47:48.370"}}, {"model": "likes.likerecord", "pk": 32, "fields": {"content_type": 12, "object_id": 65, "user": 1, "liked_time": "2019-08-20T15:20:25.420"}}, {"model": "likes.likerecord", "pk": 35, "fields": {"content_type": 12, "object_id": 86, "user": 1, "liked_time": "2019-08-20T15:55:32.677"}}, {"model": "likes.likerecord", "pk": 40, "fields": {"content_type": 12, "object_id": 88, "user": 1, "liked_time": "2019-08-20T15:56:50.492"}}, {"model": "likes.likerecord", "pk": 41, "fields": {"content_type": 12, "object_id": 89, "user": 1, "liked_time": "2019-08-20T15:56:51.641"}}, {"model": "likes.likerecord", "pk": 42, "fields": {"content_type": 12, "object_id": 90, "user": 1, "liked_time": "2019-08-20T15:57:03.484"}}, {"model": "likes.likerecord", "pk": 43, "fields": {"content_type": 12, "object_id": 91, "user": 1, "liked_time": "2019-08-20T15:57:20.373"}}, {"model": "likes.likerecord", "pk": 44, "fields": {"content_type": 12, "object_id": 92, "user": 1, "liked_time": "2019-08-20T15:59:41.532"}}, {"model": "likes.likerecord", "pk": 59, "fields": {"content_type": 12, "object_id": 105, "user": 1, "liked_time": "2019-08-20T16:12:35.075"}}, {"model": "likes.likerecord", "pk": 60, "fields": {"content_type": 12, "object_id": 104, "user": 1, "liked_time": "2019-08-20T16:12:37.589"}}, {"model": "likes.likerecord", "pk": 62, "fields": {"content_type": 12, "object_id": 106, "user": 1, "liked_time": "2019-08-20T16:12:47.067"}}, {"model": "likes.likerecord", "pk": 63, "fields": {"content_type": 12, "object_id": 99, "user": 1, "liked_time": "2019-08-20T17:37:13.666"}}, {"model": "likes.likerecord", "pk": 66, "fields": {"content_type": 7, "object_id": 37, "user": 1, "liked_time": "2019-08-24T10:30:49.888"}}, {"model": "likes.likerecord", "pk": 67, "fields": {"content_type": 7, "object_id": 37, "user": 5, "liked_time": "2019-08-24T10:33:37.199"}}, {"model": "likes.likerecord", "pk": 68, "fields": {"content_type": 12, "object_id": 112, "user": 5, "liked_time": "2019-08-24T10:33:40.265"}}, {"model": "likes.likerecord", "pk": 69, "fields": {"content_type": 12, "object_id": 113, "user": 5, "liked_time": "2019-08-24T10:33:41.669"}}, {"model": "user.profile", "pk": 1, "fields": {"user": 1, "nickname": "\u4f60\u597d"}}, {"model": "user.profile", "pk": 2, "fields": {"user": 5, "nickname": "\u4f60\u597d"}}, {"model": "user.profile", "pk": 3, "fields": {"user": 6, "nickname": "\u4f60\u597dxiaobai"}}, {"model": "admin.logentry", "pk": 1, "fields": {"action_time": "2019-07-17T09:10:55.856", "user": 1, "content_type": 8, "object_id": "1", "object_repr": "BlogType object (1)", "action_flag": 1, "change_message": "[{\"added\": {}}]"}}, {"model": "admin.logentry", "pk": 2, "fields": {"action_time": "2019-07-17T09:11:21.501", "user": 1, "content_type": 8, "object_id": "2", "object_repr": "BlogType object (2)", "action_flag": 1, "change_message": "[{\"added\": {}}]"}}, {"model": "admin.logentry", "pk": 3, "fields": {"action_time": "2019-07-17T09:14:11.538", "user": 1, "content_type": 7, "object_id": "1", "object_repr": "<Blog: \u7b2c\u4e00\u7bc7\u535a\u5ba2>", "action_flag": 1, "change_message": "[{\"added\": {}}]"}}, {"model": "admin.logentry", "pk": 4, "fields": {"action_time": "2019-07-17T09:14:39.350", "user": 1, "content_type": 7, "object_id": "1", "object_repr": "<Blog: \u7b2c\u4e00\u7bc7\u535a\u5ba2>", "action_flag": 2, "change_message": "[]"}}, {"model": "admin.logentry", "pk": 5, "fields": {"action_time": "2019-07-17T10:10:01.973", "user": 1, "content_type": 8, "object_id": "3", "object_repr": "\u968f\u7b14", "action_flag": 1, "change_message": "[{\"added\": {}}]"}}, {"model": "admin.logentry", "pk": 6, "fields": {"action_time": "2019-07-17T10:10:24.579", "user": 1, "content_type": 7, "object_id": "2", "object_repr": "<Blog: \u7b2c\u4e8c\u7bc7\u535a\u5ba2>", "action_flag": 1, "change_message": "[{\"added\": {}}]"}}, {"model": "admin.logentry", "pk": 7, "fields": {"action_time": "2019-07-17T10:14:47.416", "user": 1, "content_type": 7, "object_id": "2", "object_repr": "<Blog: \u7b2c\u4e8c\u7bc7\u535a\u5ba2>", "action_flag": 3, "change_message": ""}}, {"model": "admin.logentry", "pk": 8, "fields": {"action_time": "2019-07-17T10:14:47.544", "user": 1, "content_type": 7, "object_id": "1", "object_repr": "<Blog: \u7b2c\u4e00\u7bc7\u535a\u5ba2>", "action_flag": 3, "change_message": ""}}, {"model": "admin.logentry", "pk": 9, "fields": {"action_time": "2019-07-17T10:17:29.577", "user": 1, "content_type": 7, "object_id": "3", "object_repr": "<Blog: \u957f\u5185\u5bb9\u7684\u535a\u5ba2>", "action_flag": 1, "change_message": "[{\"added\": {}}]"}}, {"model": "admin.logentry", "pk": 10, "fields": {"action_time": "2019-07-25T07:29:21.036", "user": 1, "content_type": 7, "object_id": "4", "object_repr": "<Blog: \u7b2c\u4e00\u7bc7\u535a\u5ba2>", "action_flag": 1, "change_message": "[{\"added\": {}}]"}}, {"model": "admin.logentry", "pk": 11, "fields": {"action_time": "2019-07-25T07:29:52.490", "user": 1, "content_type": 7, "object_id": "3", "object_repr": "<Blog: \u957f\u5185\u5bb9\u7684\u535a\u5ba2>", "action_flag": 3, "change_message": ""}}, {"model": "admin.logentry", "pk": 12, "fields": {"action_time": "2019-07-25T07:44:18.146", "user": 1, "content_type": 7, "object_id": "5", "object_repr": "<Blog: \u7b2c\u4e8c\u7bc7\u535a\u5ba2>", "action_flag": 1, "change_message": "[{\"added\": {}}]"}}, {"model": "admin.logentry", "pk": 13, "fields": {"action_time": "2019-07-26T13:09:44.710", "user": 1, "content_type": 7, "object_id": "6", "object_repr": "<Blog: shijian>", "action_flag": 1, "change_message": "[{\"added\": {}}]"}}, {"model": "admin.logentry", "pk": 14, "fields": {"action_time": "2019-07-26T13:09:49.791", "user": 1, "content_type": 7, "object_id": "6", "object_repr": "<Blog: shijian>", "action_flag": 2, "change_message": "[]"}}, {"model": "admin.logentry", "pk": 15, "fields": {"action_time": "2019-07-26T13:10:18.271", "user": 1, "content_type": 7, "object_id": "6", "object_repr": "<Blog: shijian>", "action_flag": 3, "change_message": ""}}, {"model": "admin.logentry", "pk": 16, "fields": {"action_time": "2019-08-12T11:31:25.224", "user": 1, "content_type": 7, "object_id": "5", "object_repr": "<Blog: \u7b2c\u4e8c\u7bc7\u535a\u5ba2>", "action_flag": 2, "change_message": "[{\"changed\": {\"fields\": [\"content\"]}}]"}}, {"model": "admin.logentry", "pk": 17, "fields": {"action_time": "2019-08-12T11:52:05.108", "user": 1, "content_type": 7, "object_id": "5", "object_repr": "<Blog: \u7b2c\u4e8c\u7bc7\u535a\u5ba2>", "action_flag": 2, "change_message": "[{\"changed\": {\"fields\": [\"content\"]}}]"}}, {"model": "admin.logentry", "pk": 18, "fields": {"action_time": "2019-08-12T12:04:31.794", "user": 1, "content_type": 7, "object_id": "5", "object_repr": "<Blog: \u7b2c\u4e8c\u7bc7\u535a\u5ba2>", "action_flag": 2, "change_message": "[]"}}, {"model": "admin.logentry", "pk": 19, "fields": {"action_time": "2019-08-12T12:04:37.191", "user": 1, "content_type": 7, "object_id": "5", "object_repr": "<Blog: \u7b2c\u4e8c\u7bc7\u535a\u5ba2>", "action_flag": 2, "change_message": "[]"}}, {"model": "admin.logentry", "pk": 20, "fields": {"action_time": "2019-08-12T12:14:21.611", "user": 1, "content_type": 7, "object_id": "5", "object_repr": "<Blog: \u7b2c\u4e8c\u7bc7\u535a\u5ba2>", "action_flag": 2, "change_message": "[]"}}, {"model": "admin.logentry", "pk": 21, "fields": {"action_time": "2019-08-12T12:24:30.602", "user": 1, "content_type": 7, "object_id": "11", "object_repr": "<Blog: for 4>", "action_flag": 2, "change_message": "[{\"changed\": {\"fields\": [\"content\"]}}]"}}, {"model": "admin.logentry", "pk": 22, "fields": {"action_time": "2019-08-12T12:45:53.475", "user": 1, "content_type": 7, "object_id": "5", "object_repr": "<Blog: \u7b2c\u4e8c\u7bc7\u535a\u5ba2>", "action_flag": 2, "change_message": "[{\"changed\": {\"fields\": [\"content\"]}}]"}}, {"model": "admin.logentry", "pk": 23, "fields": {"action_time": "2019-08-12T12:46:18.025", "user": 1, "content_type": 7, "object_id": "5", "object_repr": "<Blog: \u7b2c\u4e8c\u7bc7\u535a\u5ba2>", "action_flag": 2, "change_message": "[{\"changed\": {\"fields\": [\"content\"]}}]"}}, {"model": "admin.logentry", "pk": 24, "fields": {"action_time": "2019-08-13T01:57:19.991", "user": 1, "content_type": 7, "object_id": "37", "object_repr": "<Blog: for 30>", "action_flag": 2, "change_message": "[{\"changed\": {\"fields\": [\"content\"]}}]"}}, {"model": "admin.logentry", "pk": 25, "fields": {"action_time": "2019-08-13T01:59:54.279", "user": 1, "content_type": 7, "object_id": "37", "object_repr": "<Blog: for 30>", "action_flag": 2, "change_message": "[]"}}, {"model": "admin.logentry", "pk": 26, "fields": {"action_time": "2019-08-13T04:47:10.035", "user": 1, "content_type": 9, "object_id": "1", "object_repr": "ReadNum object (1)", "action_flag": 1, "change_message": "[{\"added\": {}}]"}}, {"model": "admin.logentry", "pk": 27, "fields": {"action_time": "2019-08-13T08:22:40.837", "user": 1, "content_type": 10, "object_id": "1", "object_repr": "ReadNum object (1)", "action_flag": 1, "change_message": "[{\"added\": {}}]"}}, {"model": "admin.logentry", "pk": 28, "fields": {"action_time": "2019-08-13T10:09:55.149", "user": 1, "content_type": 10, "object_id": "9", "object_repr": "ReadNum object (9)", "action_flag": 2, "change_message": "[{\"changed\": {\"fields\": [\"read_num\"]}}]"}}, {"model": "admin.logentry", "pk": 29, "fields": {"action_time": "2019-08-14T01:15:51.757", "user": 1, "content_type": 11, "object_id": "1", "object_repr": "ReadDetail object (1)", "action_flag": 1, "change_message": "[{\"added\": {}}]"}}, {"model": "admin.logentry", "pk": 30, "fields": {"action_time": "2019-08-14T01:16:51.235", "user": 1, "content_type": 11, "object_id": "1", "object_repr": "ReadDetail object (1)", "action_flag": 2, "change_message": "[]"}}, {"model": "admin.logentry", "pk": 31, "fields": {"action_time": "2019-08-14T09:59:06.873", "user": 1, "content_type": 11, "object_id": "1", "object_repr": "ReadDetail object (1)", "action_flag": 2, "change_message": "[{\"changed\": {\"fields\": [\"read_num\"]}}]"}}, {"model": "admin.logentry", "pk": 32, "fields": {"action_time": "2019-08-14T09:59:15.861", "user": 1, "content_type": 11, "object_id": "1", "object_repr": "ReadDetail object (1)", "action_flag": 2, "change_message": "[{\"changed\": {\"fields\": [\"read_num\", \"object_id\"]}}]"}}, {"model": "admin.logentry", "pk": 33, "fields": {"action_time": "2019-08-14T09:59:20.940", "user": 1, "content_type": 11, "object_id": "1", "object_repr": "ReadDetail object (1)", "action_flag": 2, "change_message": "[{\"changed\": {\"fields\": [\"read_num\", \"object_id\"]}}]"}}, {"model": "admin.logentry", "pk": 34, "fields": {"action_time": "2019-08-14T09:59:26.853", "user": 1, "content_type": 11, "object_id": "1", "object_repr": "ReadDetail object (1)", "action_flag": 2, "change_message": "[{\"changed\": {\"fields\": [\"read_num\", \"object_id\"]}}]"}}, {"model": "admin.logentry", "pk": 35, "fields": {"action_time": "2019-08-14T10:03:32.039", "user": 1, "content_type": 11, "object_id": "1", "object_repr": "ReadDetail object (1)", "action_flag": 2, "change_message": "[{\"changed\": {\"fields\": [\"read_num\"]}}]"}}, {"model": "admin.logentry", "pk": 36, "fields": {"action_time": "2019-08-14T10:03:58.464", "user": 1, "content_type": 11, "object_id": "2", "object_repr": "ReadDetail object (2)", "action_flag": 2, "change_message": "[{\"changed\": {\"fields\": [\"date\", \"read_num\", \"object_id\"]}}]"}}, {"model": "admin.logentry", "pk": 37, "fields": {"action_time": "2019-08-14T10:04:28.689", "user": 1, "content_type": 11, "object_id": "5", "object_repr": "ReadDetail object (5)", "action_flag": 3, "change_message": ""}}, {"model": "admin.logentry", "pk": 38, "fields": {"action_time": "2019-08-14T10:04:28.841", "user": 1, "content_type": 11, "object_id": "4", "object_repr": "ReadDetail object (4)", "action_flag": 3, "change_message": ""}}, {"model": "admin.logentry", "pk": 39, "fields": {"action_time": "2019-08-14T10:04:28.996", "user": 1, "content_type": 11, "object_id": "3", "object_repr": "ReadDetail object (3)", "action_flag": 3, "change_message": ""}}, {"model": "admin.logentry", "pk": 40, "fields": {"action_time": "2019-08-14T10:04:29.129", "user": 1, "content_type": 11, "object_id": "2", "object_repr": "ReadDetail object (2)", "action_flag": 3, "change_message": ""}}, {"model": "admin.logentry", "pk": 41, "fields": {"action_time": "2019-08-14T10:04:29.296", "user": 1, "content_type": 11, "object_id": "1", "object_repr": "ReadDetail object (1)", "action_flag": 3, "change_message": ""}}, {"model": "admin.logentry", "pk": 42, "fields": {"action_time": "2019-08-14T10:05:15.840", "user": 1, "content_type": 10, "object_id": "11", "object_repr": "ReadNum object (11)", "action_flag": 3, "change_message": ""}}, {"model": "admin.logentry", "pk": 43, "fields": {"action_time": "2019-08-14T10:05:15.999", "user": 1, "content_type": 10, "object_id": "10", "object_repr": "ReadNum object (10)", "action_flag": 3, "change_message": ""}}, {"model": "admin.logentry", "pk": 44, "fields": {"action_time": "2019-08-14T10:05:16.154", "user": 1, "content_type": 10, "object_id": "9", "object_repr": "ReadNum object (9)", "action_flag": 3, "change_message": ""}}, {"model": "admin.logentry", "pk": 45, "fields": {"action_time": "2019-08-14T10:05:16.322", "user": 1, "content_type": 10, "object_id": "8", "object_repr": "ReadNum object (8)", "action_flag": 3, "change_message": ""}}, {"model": "admin.logentry", "pk": 46, "fields": {"action_time": "2019-08-14T10:05:16.465", "user": 1, "content_type": 10, "object_id": "7", "object_repr": "ReadNum object (7)", "action_flag": 3, "change_message": ""}}, {"model": "admin.logentry", "pk": 47, "fields": {"action_time": "2019-08-14T10:05:16.577", "user": 1, "content_type": 10, "object_id": "6", "object_repr": "ReadNum object (6)", "action_flag": 3, "change_message": ""}}, {"model": "admin.logentry", "pk": 48, "fields": {"action_time": "2019-08-14T10:05:16.676", "user": 1, "content_type": 10, "object_id": "5", "object_repr": "ReadNum object (5)", "action_flag": 3, "change_message": ""}}, {"model": "admin.logentry", "pk": 49, "fields": {"action_time": "2019-08-14T10:05:16.777", "user": 1, "content_type": 10, "object_id": "4", "object_repr": "ReadNum object (4)", "action_flag": 3, "change_message": ""}}, {"model": "admin.logentry", "pk": 50, "fields": {"action_time": "2019-08-14T10:05:16.887", "user": 1, "content_type": 10, "object_id": "3", "object_repr": "ReadNum object (3)", "action_flag": 3, "change_message": ""}}, {"model": "admin.logentry", "pk": 51, "fields": {"action_time": "2019-08-14T10:05:17.010", "user": 1, "content_type": 10, "object_id": "2", "object_repr": "ReadNum object (2)", "action_flag": 3, "change_message": ""}}, {"model": "admin.logentry", "pk": 52, "fields": {"action_time": "2019-08-14T10:05:17.122", "user": 1, "content_type": 10, "object_id": "1", "object_repr": "ReadNum object (1)", "action_flag": 3, "change_message": ""}}, {"model": "admin.logentry", "pk": 53, "fields": {"action_time": "2019-08-14T10:06:09.519", "user": 1, "content_type": 11, "object_id": "6", "object_repr": "ReadDetail object (6)", "action_flag": 1, "change_message": "[{\"added\": {}}]"}}, {"model": "admin.logentry", "pk": 54, "fields": {"action_time": "2019-08-14T10:06:18.203", "user": 1, "content_type": 11, "object_id": "6", "object_repr": "ReadDetail object (6)", "action_flag": 2, "change_message": "[{\"changed\": {\"fields\": [\"date\", \"read_num\"]}}]"}}, {"model": "admin.logentry", "pk": 55, "fields": {"action_time": "2019-08-14T10:54:03.364", "user": 1, "content_type": 10, "object_id": "12", "object_repr": "ReadNum object (12)", "action_flag": 1, "change_message": "[{\"added\": {}}]"}}, {"model": "admin.logentry", "pk": 56, "fields": {"action_time": "2019-08-14T10:54:42.892", "user": 1, "content_type": 11, "object_id": "6", "object_repr": "ReadDetail object (6)", "action_flag": 2, "change_message": "[{\"changed\": {\"fields\": [\"date\"]}}]"}}, {"model": "admin.logentry", "pk": 57, "fields": {"action_time": "2019-08-14T10:55:10.758", "user": 1, "content_type": 10, "object_id": "12", "object_repr": "ReadNum object (12)", "action_flag": 2, "change_message": "[{\"changed\": {\"fields\": [\"read_num\"]}}]"}}, {"model": "admin.logentry", "pk": 58, "fields": {"action_time": "2019-08-14T12:10:58.469", "user": 1, "content_type": 10, "object_id": "12", "object_repr": "ReadNum object (12)", "action_flag": 2, "change_message": "[{\"changed\": {\"fields\": [\"read_num\"]}}]"}}, {"model": "admin.logentry", "pk": 59, "fields": {"action_time": "2019-08-14T12:11:38.106", "user": 1, "content_type": 11, "object_id": "7", "object_repr": "ReadDetail object (7)", "action_flag": 1, "change_message": "[{\"added\": {}}]"}}, {"model": "admin.logentry", "pk": 60, "fields": {"action_time": "2019-08-14T12:12:40.053", "user": 1, "content_type": 11, "object_id": "7", "object_repr": "ReadDetail object (7)", "action_flag": 3, "change_message": ""}}, {"model": "admin.logentry", "pk": 61, "fields": {"action_time": "2019-08-16T02:05:28.417", "user": 1, "content_type": 12, "object_id": "4", "object_repr": "Comment object (4)", "action_flag": 3, "change_message": ""}}, {"model": "admin.logentry", "pk": 62, "fields": {"action_time": "2019-08-16T02:05:28.844", "user": 1, "content_type": 12, "object_id": "3", "object_repr": "Comment object (3)", "action_flag": 3, "change_message": ""}}, {"model": "admin.logentry", "pk": 63, "fields": {"action_time": "2019-08-16T02:05:28.966", "user": 1, "content_type": 12, "object_id": "2", "object_repr": "Comment object (2)", "action_flag": 3, "change_message": ""}}, {"model": "admin.logentry", "pk": 64, "fields": {"action_time": "2019-08-16T02:05:29.078", "user": 1, "content_type": 12, "object_id": "1", "object_repr": "Comment object (1)", "action_flag": 3, "change_message": ""}}, {"model": "admin.logentry", "pk": 65, "fields": {"action_time": "2019-08-18T11:23:09.986", "user": 1, "content_type": 12, "object_id": "22", "object_repr": "+1+1+1+!1", "action_flag": 1, "change_message": "[{\"added\": {}}]"}}, {"model": "admin.logentry", "pk": 66, "fields": {"action_time": "2019-08-18T11:24:13.913", "user": 1, "content_type": 12, "object_id": "23", "object_repr": "121212121211121", "action_flag": 1, "change_message": "[{\"added\": {}}]"}}, {"model": "admin.logentry", "pk": 67, "fields": {"action_time": "2019-08-19T11:46:21.006", "user": 1, "content_type": 12, "object_id": "5", "object_repr": "321321\r\n321", "action_flag": 3, "change_message": ""}}, {"model": "admin.logentry", "pk": 68, "fields": {"action_time": "2019-08-19T14:18:30.640", "user": 1, "content_type": 12, "object_id": "5", "object_repr": "321321\r\n321", "action_flag": 3, "change_message": ""}}, {"model": "admin.logentry", "pk": 69, "fields": {"action_time": "2019-08-19T14:20:15.637", "user": 1, "content_type": 12, "object_id": "6", "object_repr": "2019\u5e748\u670816\u65e510:17:26", "action_flag": 3, "change_message": ""}}, {"model": "admin.logentry", "pk": 70, "fields": {"action_time": "2019-08-19T14:21:25.795", "user": 1, "content_type": 12, "object_id": "75", "object_repr": "<p>9999999</p>", "action_flag": 3, "change_message": ""}}, {"model": "admin.logentry", "pk": 71, "fields": {"action_time": "2019-08-21T21:05:05.357", "user": 1, "content_type": 15, "object_id": "1", "object_repr": "<Profile: \u738b\u9e64\u626c for why>", "action_flag": 1, "change_message": "[{\"added\": {}}]"}}, {"model": "admin.logentry", "pk": 72, "fields": {"action_time": "2019-08-21T21:05:11.406", "user": 1, "content_type": 15, "object_id": "1", "object_repr": "<Profile: 123 for why>", "action_flag": 2, "change_message": "[{\"changed\": {\"fields\": [\"nickname\"]}}]"}}, {"model": "admin.logentry", "pk": 73, "fields": {"action_time": "2019-08-21T21:05:20.332", "user": 1, "content_type": 15, "object_id": "1", "object_repr": "<Profile: 123 for why>", "action_flag": 2, "change_message": "[]"}}, {"model": "admin.logentry", "pk": 74, "fields": {"action_time": "2019-08-21T21:05:27.756", "user": 1, "content_type": 15, "object_id": "1", "object_repr": "<Profile: 123 for why>", "action_flag": 2, "change_message": "[]"}}, {"model": "admin.logentry", "pk": 75, "fields": {"action_time": "2019-08-21T21:05:34.644", "user": 1, "content_type": 15, "object_id": "1", "object_repr": "<Profile: \u738b\u9e64\u626c for why>", "action_flag": 2, "change_message": "[{\"changed\": {\"fields\": [\"nickname\"]}}]"}}, {"model": "admin.logentry", "pk": 76, "fields": {"action_time": "2019-08-22T20:26:29.114", "user": 1, "content_type": 4, "object_id": "1", "object_repr": "why", "action_flag": 2, "change_message": "[{\"changed\": {\"fields\": [\"email\"]}}]"}}, {"model": "admin.logentry", "pk": 77, "fields": {"action_time": "2019-08-23T17:25:38.898", "user": 1, "content_type": 4, "object_id": "1", "object_repr": "why", "action_flag": 2, "change_message": "[{\"changed\": {\"fields\": [\"email\"]}}]"}}, {"model": "admin.logentry", "pk": 78, "fields": {"action_time": "2019-08-24T20:14:13.604", "user": 1, "content_type": 4, "object_id": "1", "object_repr": "why", "action_flag": 2, "change_message": "[{\"changed\": {\"fields\": [\"email\"]}}]"}}, {"model": "admin.logentry", "pk": 79, "fields": {"action_time": "2019-08-24T20:14:34.304", "user": 1, "content_type": 4, "object_id": "2", "object_repr": "hjk", "action_flag": 3, "change_message": ""}}, {"model": "admin.logentry", "pk": 80, "fields": {"action_time": "2019-08-24T20:14:34.446", "user": 1, "content_type": 4, "object_id": "3", "object_repr": "poi", "action_flag": 3, "change_message": ""}}, {"model": "admin.logentry", "pk": 81, "fields": {"action_time": "2019-08-24T20:14:34.613", "user": 1, "content_type": 4, "object_id": "4", "object_repr": "poii", "action_flag": 3, "change_message": ""}}]